,countryname,year,exchange rate (to $USD),import (thousand $USD),export (thousand $USD),countrycode,GDP(current $USD),general government final consumption expenditure (Current $USD)
0,United Arab Emirates,1992,3.671,65518.024,542953.728,ARE,54239171887.769,
1,Argentina,1992,0.99064165,200117.984,124141.24,ARG,228788617201.696,6807692307.69231
2,Australia,1992,1.3616483,1671112.96,660796.352,AUS,325531800353.765,63464585095.7471
3,Brazil,1992,0.0019530235,519302.08,64751.736,BRA,328187960871.951,55998762943.7127
4,Canada,1992,1.2087229,1926516.992,653178.048,CAN,592387689252.916,145295772317.366
5,Switzerland,1992,1.4062183,523643.808,159871.008,CHE,279921425828.474,33110945100.2702
6,China,1992,5.5145917,,,CHN,426915712711.146,61649459624.8038
7,Germany,1992,1.56165,4014989.056,2447975.424,DEU,2131571696931.75,409711959924.859
8,"Egypt, Arab Rep",1992,3.3217483,,,EGY,41855986519.4235,4363133030.42157
9,Spain,1992,102.37908,355676.032,353482.24,ESP,630916018202.503,112339151633.35
10,France,1992,5.2938156,1495460.224,764203.264,FRA,1401465923172.24,311955390334.572
11,United Kingdom,1992,0.56977415,1013577.152,922826.944,GBR,1179659529659.53,234903610038.61
12,Indonesia,1992,2029.9208,1554216.064,471431.488,IDN,128026966579.964,12183386537.4005
13,India,1992,25.918083,180965.664,158432.144,IND,288208430383.964,31458084134.4425
14,"Iran, Islamic Rep",1992,65.567841,,,IRN,804185037658.5969,
15,Italy,1992,1232.4059,1748230.656,1095467.648,ITA,1320161644933.23,257832974076.984
16,Japan,1992,126.65134,13682405.376,11678698.496,JPN,3908809463463.86,547053208297.112
17,"Korea, Rep",1992,780.67084,,,KOR,355525267405.367,39323128162.4287
18,Mexico,1992,3.0948982,113980.88,157733.184,MEX,363157598242.27,36108304307.0859
19,Malaysia,1992,2.5473833,830139.968,645428.928,MYS,59167550162.956,7697805002.55232
20,Netherlands,1992,1.7584664,508172.192,1200322.816,NLD,362962872180.451,81308863408.5213
21,Philippines,1992,25.512491,155091.472,209548.608,PHL,60422309295.4434,5588430110.73003
22,Russian Federation,1992,,3526059.008,2336280.064,RUS,460290556900.726,63784503631.9613
23,Saudi Arabia,1992,3.75,127408.992,444251.488,SAU,137087876662.216,40772246275.0334
24,Singapore,1992,1.6289667,1235937.536,2030856.064,SGP,52130263965.6231,4601104972.37569
25,Thailand,1992,25.400127,424498.432,894794.496,THA,111452869378.467,11031570741.8475
26,Turkey,1992,0.0068724235,108549.4,68912.128,TUR,158459130434.783,20480869565.2174
27,United States,1992,1.0,8900942.848,8599371.776,USA,6520327000000.0,1048383000000.0
28,Vietnam,1992,11202.191,72705.832,106326.584,VNM,9866990236.435867,
29,South Africa,1992,2.8520141,7995.05,7716.677,ZAF,146956872370.266,26306100981.7672
30,United Arab Emirates,1993,3.671,106469.72,711394.752,ARE,55625170253.337,
31,Argentina,1993,0.99894583,219901.056,247679.408,ARG,236741715015.015,31984701701.7017
32,Australia,1993,1.47056,1949434.496,1060736.0,AUS,312138139404.16,60479201798.7634
33,Brazil,1993,0.038276613,863067.52,192166.208,BRA,368295778245.09,65055851117.6861
34,Canada,1993,1.2900879,1375164.032,1197763.2,CAN,577170761956.438,138313309045.81
35,Switzerland,1993,1.4776167,1004766.208,278935.264,CHE,272237527070.926,32232725365.4575
36,China,1993,5.7619581,,,CHN,444731282436.762,63831126110.4808
37,Germany,1993,1.6533208,6040662.016,3967487.232,DEU,2071323790370.28,400838755471.43
38,"Egypt, Arab Rep",1993,3.3525176,,,EGY,46578631452.581,4801920768.30732
39,Spain,1993,127.26041,475141.536,551186.944,ESP,525075636030.854,96326090992.2866
40,France,1993,5.6632299,1640864.128,1292339.968,FRA,1322815612694.0,309658327542.275
41,United Kingdom,1993,0.66675657,1663609.472,1928657.664,GBR,1061388722255.55,204009082183.563
42,Indonesia,1993,2087.1038,1468515.584,691710.784,IDN,158006700301.533,14257437867.9777
43,India,1993,30.493292,416554.688,259181.04,IND,279296022987.919,30730005866.5425
44,"Iran, Islamic Rep",1993,1268.0787,,,IRN,63743623232.012,9071295624.44444
45,Italy,1993,1573.6659,2737298.688,1305376.512,ITA,1064958075550.63,206414547803.618
46,Japan,1993,111.19778,23288616.96,15776635.904,JPN,4454143876947.21,650976907816.521
47,"Korea, Rep",1993,802.53833,,,KOR,392666101884.959,42207507443.906
48,Mexico,1993,3.1156166,124818.656,155684.64,MEX,500736065605.341,45641008152.5228
49,Malaysia,1993,2.574095,1083592.448,704356.352,MYS,66894837030.4184,8449555184.33627
50,Netherlands,1993,1.8573052,713875.776,1608763.392,NLD,353550169672.52,80135467489.3213
51,Philippines,1993,27.119843,212833.44,280454.176,PHL,62036625222.1624,5972103134.97887
52,Russian Federation,1993,0.99166667,4980878.848,2691725.824,RUS,435083713850.837,87187216387.6205
53,Saudi Arabia,1993,3.75,118629.112,578835.904,SAU,132967901415.22,34973563311.0814
54,Singapore,1993,1.6157908,2645776.896,2245308.16,SGP,60603478153.2368,5461876469.86013
55,Thailand,1993,25.319611,601402.432,750482.368,THA,128889318946.587,14179449912.3209
56,Turkey,1993,0.010984628,497547.136,165688.256,TUR,180169736363.636,23230845454.5455
57,United States,1993,1.0,10687330.304,16972667.904,USA,6858559000000.0,1073040000000.0
58,Vietnam,1993,10640.958,122626.408,274617.472,VNM,13180953598.1716,
59,South Africa,1993,3.2677417,414706.144,250023.2,ZAF,147196639471.188,26672856810.6007
60,United Arab Emirates,1994,3.671,37130.412,864720.64,ARE,59305093979.842,
61,Argentina,1994,0.99900836,268559.2,291116.288,ARG,257440000000.0,33948366600.0
62,Australia,1994,1.3677509,2451763.2,1487857.152,AUS,322809408509.166,60729159460.3943
63,Brazil,1994,0.66468352,1058777.344,362390.912,BRA,525369851353.742,93861088287.2204
64,Canada,1994,1.3656734,1848679.424,1396949.376,CAN,578139279437.61,131519478617.458
65,Switzerland,1994,1.3676925,986541.184,357629.92,CHE,301375055202.164,35733760327.5572
66,China,1994,8.6187429,,,CHN,564324670005.917,79520323669.4629
67,Germany,1994,1.6227942,7137338.88,4761141.248,DEU,2205074123177.05,425888875497.168
68,"Egypt, Arab Rep",1994,3.3851333,,,EGY,51897983392.6453,5338078291.81495
69,Spain,1994,133.95796,902465.152,774631.616,ESP,530562634455.347,94237853682.77228
70,France,1994,5.5520449,1938745.472,1426540.544,FRA,1393982750472.59,323212429111.531
71,United Kingdom,1994,0.65342659,1769822.336,2413915.136,GBR,1140489745944.29,215191253443.526
72,Indonesia,1994,2160.7537,1589003.136,1051687.936,IDN,176892143931.505,14353349531.4127
73,India,1994,31.373743,321742.944,573001.216,IND,327275583539.559,34153869436.2963
74,"Iran, Islamic Rep",1994,1749.1737,,,IRN,71841461172.5964,10311776642.982
75,Italy,1994,1612.4449,3068456.192,1590923.648,ITA,1099216688280.5,205465022814.601
76,Japan,1994,102.20781,26326872.064,21578598.4,JPN,4998797547740.97,737238253831.899
77,"Korea, Rep",1994,803.77167,,,KOR,463617399962.661,47638932105.2959
78,Mexico,1994,3.3751166,93855.336,201466.544,MEX,527813238126.278,49967160380.4332
79,Malaysia,1994,2.6242566,1621986.56,1117657.472,MYS,74478356957.7808,9134659350.708733
80,Netherlands,1994,1.819995,707368.96,2267056.128,NLD,379130260322.073,85256715098.6802
81,Philippines,1994,26.417166,272389.632,475674.144,PHL,73159245525.6424,7536810536.31725
82,Russian Federation,1994,,3495181.568,1580769.536,RUS,395077301248.464,75457662203.2473
83,Saudi Arabia,1994,3.75,248943.408,624850.624,SAU,135174886488.652,32724267690.2537
84,Singapore,1994,1.5274441,2491618.56,2558044.928,SGP,73690847191.3055,6020950635.06612
85,Thailand,1994,25.149952,864348.032,1159265.152,THA,146683499005.964,16211848906.5606
86,Turkey,1994,0.029608676,463832.16,184543.36,TUR,130690172297.297,15235033783.7838
87,United States,1994,1.0,13893688.32,21474840.576,USA,7287236000000.0,1108101000000.0
88,Vietnam,1994,10965.667,191311.328,341504.48,VNM,16286433533.3228,
89,South Africa,1994,3.5507984,537787.776,366243.872,ZAF,153512625915.287,27922210234.3134
90,United Arab Emirates,1995,3.671,119748.912,1101085.312,ARE,65743666575.8649,
91,Argentina,1995,0.99975002,370393.216,273592.96,ARG,258031750000.0,34445834100.0
92,Australia,1995,1.3490325,2584487.936,1626174.592,AUS,368140778140.778,68605583605.5836
93,Brazil,1995,0.91766667,1231530.112,759058.688,BRA,769333330411.575,161005501301.816
94,Canada,1995,1.3724455,2681255.168,1532512.0,CAN,604031623433.401,131242349169.338
95,Switzerland,1995,1.1824691,938646.656,413532.0,CHE,352835806342.495,41663538266.3848
96,China,1995,8.3514166,,,CHN,734547898220.508,97754459189.05
97,Germany,1995,1.4331325,8037807.104,5671432.704,DEU,2585792275146.72,502268322642.282
98,"Egypt, Arab Rep",1995,3.3922083,,,EGY,60159245060.4541,6340312592.15571
99,Spain,1995,124.689,908584.064,1013286.912,ESP,614609020549.773,108255938083.8
100,France,1995,4.9914827,2648344.064,1843693.312,FRA,1601094756209.75,371080299645.157
101,United Kingdom,1995,0.63366812,1972005.632,2797648.128,GBR,1346184314344.33,229509231497.554
102,Indonesia,1995,2248.6079,2052137.344,1438136.576,IDN,202132028723.115,15825045991.9485
103,India,1995,32.427078,397514.016,765266.176,IND,360281952716.797,37974681637.7883
104,"Iran, Islamic Rep",1995,1748.3502,,,IRN,96419225743.67372,13741170714.8999
105,Italy,1995,1628.9331,3115002.112,2067570.048,ITA,1174662070605.02,204799714727.208
106,Japan,1995,94.059578,29004494.848,28466671.616,JPN,5545563663889.7,836255948356.149
107,"Korea, Rep",1995,771.25415,,,KOR,566583427334.137,56881377468.3315
108,Mexico,1995,6.419425,194484.176,195067.664,MEX,360073909243.855,30790496308.0662
109,Malaysia,1995,2.5044041,2070544.128,1280984.32,MYS,88705342902.7113,10975677830.941
110,Netherlands,1995,1.6056752,817949.76,3232055.296,NLD,452301674444.139,101432884984.903
111,Philippines,1995,25.714466,275742.112,1030130.944,PHL,84644220101.4991,9216529382.25515
112,Russian Federation,1995,,3798627.584,1664639.872,RUS,395537185734.854,75451323513.1244
113,Saudi Arabia,1995,3.75,551104.64,733897.088,SAU,143343036341.789,33624204886.5154
114,Singapore,1995,1.417375,3397771.52,3500622.336,SGP,87810991957.1046,7245449414.42077
115,Thailand,1995,24.915176,1610710.4,1751740.544,THA,169278753531.98,19044880233.7529
116,Turkey,1995,0.045845062,143883.872,430684.992,TUR,169485941048.035,18280419213.9738
117,United States,1995,1.0,16118443.008,24728629.248,USA,7639749000000.0,1141743000000.0
118,Vietnam,1995,11038.25,332052.832,720263.424,VNM,20736164458.9505,1697815817.61351
119,South Africa,1995,3.627085,689533.504,637421.376,ZAF,171735223677.318,28382560806.1537
120,United Arab Emirates,1996,3.671,67633.488,1076876.928,ARE,73571233996.1863,
121,Argentina,1996,0.99966252,517629.152,336624.928,ARG,272149750000.0,34023284500.0
122,Australia,1996,1.2778634,3433737.728,1672940.288,AUS,401311077389.985,74556904400.607
123,Brazil,1996,1.0051,1484065.152,762930.56,BRA,850426432991.742,167966249427.918
124,Canada,1996,1.3635217,2572526.592,1615943.296,CAN,628546387972.131,130917491749.175
125,Switzerland,1996,1.23601,932048.64,460982.592,CHE,340103959546.926,40458185275.0809
126,China,1996,8.3141747,,,CHN,863746717503.789,113999256334.945
127,Germany,1996,1.5047742,7324079.616,5842666.496,DEU,2497244606186.64,492270600467.897
128,"Egypt, Arab Rep",1996,3.3914833,,,EGY,67629716981.1321,7016509433.96226
129,Spain,1996,126.66158,517348.768,996236.736,ESP,642588992512.807,112370944437.147
130,France,1996,5.1155224,2239953.92,1912740.352,FRA,1605675086549.56,376847031670.727
131,United Kingdom,1996,0.64095825,1880884.992,3200893.952,GBR,1421619344773.79,236082683307.332
132,Indonesia,1996,2342.2964,2280386.304,1427555.328,IDN,227369679374.973,17204969474.4482
133,India,1996,35.433174,719152.896,686014.208,IND,392897054348.071,40589761230.7328
134,"Iran, Islamic Rep",1996,1751.1864,,,IRN,120403931885.441,14891714526.2244
135,Italy,1996,1542.947,3245881.6,1836567.808,ITA,1312426527795.21,231203413226.252
136,Japan,1996,108.77906,29180803.072,30886209.536,JPN,4923391533851.63,745693795958.966
137,"Korea, Rep",1996,804.45752,,,KOR,610169556840.077,63395611908.7575
138,Mexico,1996,7.5994482,297232.384,221093.472,MEX,410975595310.156,33370043687.6595
139,Malaysia,1996,2.5159426,2243527.936,1370304.896,MYS,100855393910.486,11200413387.3917
140,Netherlands,1996,1.6858968,918533.504,3536850.176,NLD,450490196078.431,96290196078.4314
141,Philippines,1996,26.216101,372906.752,1014821.376,PHL,94648084429.0341,10798200891.8184
142,Russian Federation,1996,5.1208334,5151750.144,1692690.688,RUS,391724890744.498,76361791790.2294
143,Saudi Arabia,1996,3.75,829038.08,747796.736,SAU,158662398744.993,38660347129.506
144,Singapore,1996,1.4100409,3600835.072,3748770.048,SGP,96295886524.82268,8622198581.56028
145,Thailand,1996,25.342684,1890307.84,1254735.488,THA,183035114648.4,21203265634.6798
146,Turkey,1996,0.081404895,94099.128,406604.512,TUR,181475555282.555,20998124078.6241
147,United States,1996,1.0,16155120.64,26705627.136,USA,8073122000000.0,1172889000000.0
148,Vietnam,1996,11032.583,309361.504,842128.0,VNM,24657470574.7501,2059532732.43053
149,South Africa,1996,4.2993493,672052.032,688206.528,ZAF,163236785802.34,28443560858.7444
150,United Arab Emirates,1997,3.6711249,84469.624,1301152.64,ARE,78839008444.5655,
151,Argentina,1997,0.99949998,722201.728,465661.056,ARG,292859000000.0,35324694300.0
152,Australia,1997,1.34738,3247546.368,2056187.136,AUS,435614337141.963,79564877132.5716
153,Brazil,1997,1.0779917,1488961.28,1044389.312,BRA,883206452805.504,172536984232.329
154,Canada,1997,1.384598,2006902.912,1906506.368,CAN,654986999855.554,130036833742.597
155,Switzerland,1997,1.4513125,872518.656,613555.264,CHE,294788198856.198,34284108041.0666
156,China,1997,8.2898169,,,CHN,961603952951.82,132245900546.455
157,Germany,1997,1.7340559,6181203.968,6496908.288,DEU,2211989623279.95,428127678772.84
158,"Egypt, Arab Rep",1997,3.3887501,,,EGY,78436578171.0914,8879056047.19764
159,Spain,1997,146.41364,555432.64,1265874.432,ESP,590077272727.273,100352272727.273
160,France,1997,5.8366919,3246634.496,2336796.416,FRA,1452884917959.09,339988761519.443
161,United Kingdom,1997,0.61083609,1978407.424,3815184.64,GBR,1561807465618.86,250992141453.831
162,Indonesia,1997,2909.3799,2673537.792,1840971.264,IDN,215748998609.635,14763283406.1994
163,India,1997,36.313286,897228.672,933720.384,IND,415867753863.874,45864915940.7185
164,"Iran, Islamic Rep",1997,1753.3455,,,IRN,113919163421.155,13206336896.0245
165,Italy,1997,1703.0969,2452056.576,2238938.368,ITA,1241879604365.62,219599818099.136
166,Japan,1997,120.99086,28994779.136,31838564.352,JPN,4492448605638.94,687431864710.487
167,"Korea, Rep",1997,949.89001,,,KOR,569754543829.957,58173532781.8016
168,Mexico,1997,7.9184599,184291.6,413521.056,MEX,500413483109.175,41342172507.4193
169,Malaysia,1997,2.8131917,2495009.28,1921830.016,MYS,100005323301.867,10767620129.1788
170,Netherlands,1997,1.9512699,1072549.184,4405972.992,NLD,416812740004.518,87493788118.3646
171,Philippines,1997,29.470659,326804.48,1339588.096,PHL,94106183450.0029,11869201522.1898
172,Russian Federation,1997,5.7848334,4085680.128,2038035.072,RUS,404928954191.876,85306828003.4572
173,Saudi Arabia,1997,3.75,825870.976,854249.024,SAU,165963557409.88,43202937249.6662
174,Singapore,1997,1.4848058,4464694.272,4323301.376,SGP,100124191810.345,8770743534.48276
175,Thailand,1997,31.364334,2013842.176,1501050.112,THA,150180619366.605,18147575428.1141
176,Turkey,1997,0.15186501,64519.44,556780.416,TUR,189834649111.257,23272573403.555
177,United States,1997,1.0,16301508.608,32740595.712,USA,8577554457000.0,1220528000000.0
178,Vietnam,1997,11683.333,357092.032,1079720.448,VNM,26843700441.5482,2182602555.48694
179,South Africa,1997,4.6079617,794458.816,799979.584,ZAF,168976663845.486,29557189887.1528
180,United Arab Emirates,1998,3.6724999,161630.48,1291306.368,ARE,75674336283.1858,
181,Argentina,1998,0.99949998,724455.04,549713.408,ARG,298948250000.0,37352911200.0
182,Australia,1998,1.5918283,2682453.504,2364941.312,AUS,399660855999.457,72975649460.761
183,Brazil,1998,1.1605166,1133103.36,1085363.968,BRA,863711007313.877,173351390525.101
184,Canada,1998,1.4835052,2237152.512,2126854.656,CAN,634000000000.0,125764071452.646
185,Switzerland,1998,1.4498134,795508.544,634264.256,CHE,303459014346.806,34394927576.2174
186,China,1998,8.2789583,,,CHN,1029043097554.08,153800891215.229
187,Germany,1998,1.7596676,7020603.392,7354289.152,DEU,2238990774702.68,427605868622.874
188,"Egypt, Arab Rep",1998,3.388,,,EGY,84828807556.0803,9592680047.2255
189,Spain,1998,149.39532,480207.136,1544062.08,ESP,619214834614.099,104385789063.37
190,France,1998,5.8995156,3205107.712,2830753.536,FRA,1503108739159.44,339931065154.547
191,United Kingdom,1998,0.6038236,1952563.2,4631759.36,GBR,1655061278569.06,266040079496.522
192,Indonesia,1998,10013.622,2460822.016,1170155.776,IDN,95445547872.715,5434199705.76814
193,India,1998,41.259365,905707.584,1016671.552,IND,421351477504.743,50182496700.1251
194,"Iran, Islamic Rep",1998,1752.286,,,IRN,110276913362.508,14390152102.4017
195,Italy,1998,1736.2074,2278980.352,2577505.792,ITA,1270052525928.4,222620720419.315
196,Japan,1998,130.9053,28275038.208,29660094.464,JPN,4098362709531.24,642025189201.659
197,"Korea, Rep",1998,1403.1833,,,KOR,383330931042.356,43711254138.6003
198,Mexico,1998,9.1360416,147482.576,689218.624,MEX,526502129378.284,44979754268.8266
199,Malaysia,1998,3.9243751,2673791.488,1596371.968,MYS,72167498980.8398,7050040766.40848
200,Netherlands,1998,1.9837331,834329.92,5161733.632,NLD,438008220395.468,91226394134.6367
201,Philippines,1998,40.893051,514340.288,1512024.576,PHL,74492325248.0247,9588240779.006727
202,Russian Federation,1998,9.7050829,3640993.792,1839908.224,RUS,270955486862.442,50757341576.507
203,Saudi Arabia,1998,3.75,803585.088,895811.968,SAU,146775498080.0,41384533333.3333
204,Singapore,1998,1.6736016,4235350.784,3943927.04,SGP,85728310229.4455,8138742829.82792
205,Thailand,1998,41.359386,2413936.128,1258072.064,THA,113675561057.462,14851134204.0745
206,Turkey,1998,0.26072425,42772.948,659063.168,TUR,275967393939.394,29289035289.6049
207,United States,1998,1.0,16883462.144,37983571.968,USA,9062818202000.0,1267607000000.0
208,Vietnam,1998,13268.0,217350.288,1028281.92,VNM,27209602050.0452,2074389508.5921
209,South Africa,1998,5.5282841,698861.184,898680.512,ZAF,152982541794.042,26160054700.36
210,United Arab Emirates,1999,3.6724999,189451.67,1443757.159,ARE,84445473110.9598,
211,Argentina,1999,0.99949998,590784.242,496109.819,ARG,283523000000.0,38908460700.0
212,Australia,1999,1.54995,3607136.936,2704384.688,AUS,389389647825.542,72717759117.6839
213,Brazil,1999,1.8139329,968529.665,876002.206,BRA,599642075029.835,118625337428.189
214,Canada,1999,1.4857048,2333974.834,2432943.097,CAN,678412196271.118,131074241098.472
215,Switzerland,1999,1.5021549,1011311.561,675141.48,CHE,297873643323.126,33814618559.4461
216,China,1999,8.2782497,,,CHN,1093997267271.06,179040211821.268
217,Germany,1999,0.93828309,8335356.901,7779618.801,DEU,2194945278872.59,422454599962.163
218,"Egypt, Arab Rep",1999,3.3952501,,,EGY,90710704806.8416,10527867885.5795
219,Spain,1999,0.93828309,541467.416,1821186.045,ESP,634907542858.302,106604289198.842
220,France,1999,0.93828309,3785342.517,2930014.89,FRA,1493151737698.46,337915080563.707
221,United Kingdom,1999,0.61805683,2994765.171,4880019.142,GBR,1689289758938.68,278616728684.679
222,Indonesia,1999,7855.1499,3050879.101,1779047.386,IDN,140001351215.462,9246328959.29841
223,India,1999,43.055428,825746.781,1161927.746,IND,458820417337.807,55863632218.8941
224,"Iran, Islamic Rep",1999,1753.355,,,IRN,113848450088.351,13452671230.1534
225,Italy,1999,0.93828309,2679879.146,2929805.436,ITA,1252446659833.79,219769498210.811
226,Japan,1999,113.90681,33763350.549,32410577.501,JPN,4635982224063.88,751806740247.29
227,"Korea, Rep",1999,1189.4392,,,KOR,497512659612.052,55106660385.9289
228,Mexico,1999,9.5603971,159237.339,791678.257,MEX,600232874042.927,55092447491.7367
229,Malaysia,1999,3.8,3605547.087,1673725.395,MYS,79148421052.6316,8695789473.68421
230,Netherlands,1999,0.93828309,1010546.023,5412926.739,NLD,447049523049.808,92064966896.9114
231,Philippines,1999,39.088982,907504.137,1379255.115,PHL,85640133799.7902,10141083749.9041
232,Russian Federation,1999,24.6199,4222617.865,1497261.095,RUS,195907128350.934,28562144597.8879
233,Saudi Arabia,1999,3.75,911589.743,943821.749,SAU,161716960000.0,41092000000.0
234,Singapore,1999,1.6949567,4061047.4,4502208.047,SGP,86284660766.9617,8099351032.44838
235,Thailand,1999,37.813656,2780355.684,1435189.163,THA,126669064386.717,17187791726.2791
236,Turkey,1999,0.41878292,47300.742,636582.025,TUR,256385525071.633,32480359598.8539
237,United States,1999,1.0,19486929.714,42004219.558,USA,9631174489000.0,1351427000000.0
238,Vietnam,1999,13943.167,354275.245,963833.903,VNM,28683659006.7752,1946253342.90187
239,South Africa,1999,6.1094842,864369.492,882479.229,ZAF,151516560274.982,25470738620.1817
240,United Arab Emirates,2000,3.6724999,416067.15,2078437.246,ARE,104337372362.151,
241,Argentina,2000,0.99949998,929989.911,610303.235,ARG,284203750000.0,39175188600.0
242,Australia,2000,1.7248267,5024006.965,3428876.665,AUS,415851284305.721,76806506311.6247
243,Brazil,2000,1.8294231,1621440.791,1223545.495,BRA,655448188237.371,123013504902.94
244,Canada,2000,1.4853941,3751083.275,3157837.461,CAN,744773415931.587,142299508450.609
245,Switzerland,2000,1.6888425,1462438.936,748004.361,CHE,279216033870.204,31160204879.2042
246,China,2000,8.2785044,,,CHN,1211346869605.24,203971792928.585
247,Germany,2000,1.0827051,10408730.507,9277789.992,DEU,1947981991011.77,370983758114.511
248,"Egypt, Arab Rep",2000,3.47205,,,EGY,99838543960.07628,11184500220.1673
249,Spain,2000,1.0827051,622995.856,2148687.674,ESP,598363313494.903,99913634715.2943
250,France,2000,1.0827051,3951247.029,3715888.368,FRA,1365639660792.16,304890967719.216
251,United Kingdom,2000,0.66093081,3592473.098,6310102.446,GBR,1666126494174.61,277963383265.244
252,Indonesia,2000,8421.7754,4401954.155,3061823.512,IDN,165021012077.81,10779164212.8096
253,India,2000,44.941605,1353476.989,1560736.215,IND,468394937262.37,55963056448.9827
254,"Iran, Islamic Rep",2000,1764.8561,,,IRN,109591707802.216,14172524682.1846
255,Italy,2000,1.0827051,3078428.124,3802021.692,ITA,1146676894209.73,203374865231.373
256,Japan,2000,107.7655,41509675.13,41654314.05,JPN,4968359075956.59,822223253267.511
257,"Korea, Rep",2000,1130.3625,,,KOR,576178114168.494,62803459008.2762
258,Mexico,2000,9.4555588,488281.236,1335244.842,MEX,707906744574.644,67358879499.9788
259,Malaysia,2000,3.8,5479996.864,2564874.255,MYS,93789736842.1053,9533947368.421047
260,Netherlands,2000,1.0827051,1236228.808,6687219.044,NLD,417479337444.707,85812841929.4119
261,Philippines,2000,44.192249,1677316.824,1464409.088,PHL,83669693589.1547,9256114753.02258
262,Russian Federation,2000,28.129168,5769892.36,2233350.097,RUS,259710142196.943,39193032349.8045
263,Saudi Arabia,2000,3.75,1953520.599,1144742.927,SAU,189514926213.333,49014400000.0
264,Singapore,2000,1.7239634,5059631.381,5761040.961,SGP,96074477958.23668,10091821345.7077
265,Thailand,2000,40.111805,4380787.064,2243252.811,THA,126392233706.79,17158965690.8939
266,Turkey,2000,0.62521851,126745.962,1077894.816,TUR,274302959053.103,32720659628.9187
267,United States,2000,1.0,22374570.453,52156428.118,USA,10250947997000.0,1437588000000.0
268,Vietnam,2000,14167.75,929147.138,1537258.771,VNM,31172518403.3162,2000734087.16574
269,South Africa,2000,6.9398284,1037289.908,1013645.537,ZAF,151753369491.916,25141307616.9342
270,United Arab Emirates,2001,3.6724999,447609.537,2377322.092,ARE,103311640571.818,10242340340.3676
271,Argentina,2001,0.99949998,1281026.505,573695.719,ARG,268696750000.0,38037449000.0
272,Australia,2001,1.9334425,5425925.47,3569445.889,AUS,379358162498.658,70090157776.1082
273,Brazil,2001,2.3496318,2347232.533,1350925.018,BRA,559991261406.197,108320761746.68
274,Canada,2001,1.5488399,4027798.934,3345577.043,CAN,738981792355.372,144170325413.223
275,Switzerland,2001,1.687615,1730429.171,652969.247,CHE,286582672434.226,31993423204.5508
276,China,2001,8.2770681,,,CHN,1339395718865.3,219840903976.03
277,Germany,2001,1.116533,13772189.97,9751099.988,DEU,1945790973803.15,368706494498.819
278,"Egypt, Arab Rep",2001,3.973,,,EGY,96684636118.5984,10943396226.4151
279,Spain,2001,1.116533,714406.689,2296288.991,ESP,627830029412.205,103872425717.717
280,France,2001,1.116533,4106236.413,3701082.564,FRA,1377657339291.34,305038878273.229
281,United Kingdom,2001,0.694655,3526938.584,6780522.858,GBR,1648658413703.76,285589463077.587
282,Indonesia,2001,10260.85,3887887.101,2835706.342,IDN,160446947784.909,11053285490.1216
283,India,2001,47.186413,1699093.454,1895832.787,IND,485441014538.638,57094901666.0516
284,"Iran, Islamic Rep",2001,1753.9857,,,IRN,126878750295.944,16331278175.0644
285,Italy,2001,1.116533,3784278.356,3991554.91,ITA,1168023426056.38,214914365803.544
286,Japan,2001,121.52895,42787308.141,44940523.792,JPN,4374711694090.87,753718662803.662
287,"Korea, Rep",2001,1290.79,,,KOR,547658231279.87,64377493241.6208
288,Mexico,2001,9.3423414,761275.612,1790216.774,MEX,756706300589.791,74771103261.5095
289,Malaysia,2001,3.8,6203975.945,3221098.347,MYS,92783947368.4211,11170526315.7895
290,Netherlands,2001,1.116533,1456696.166,7278426.893,NLD,431586852369.686,90601883007.8741
291,Philippines,2001,50.992649,1945208.047,1619111.816,PHL,78921234457.5487,8477518726.24655
292,Russian Federation,2001,29.168526,7958794.51,2710471.97,RUS,306602070620.5,50390812478.5739
293,Saudi Arabia,2001,3.75,2715895.298,1354114.676,SAU,184137469733.333,50318666666.6667
294,Singapore,2001,1.7917225,5128281.291,5790711.209,SGP,89794943349.8912,10425126974.3819
295,Thailand,2001,44.4319,4713848.161,2337109.453,THA,120296476180.402,16209345087.651
296,Turkey,2001,1.2255881,230937.591,674006.603,TUR,201751148417.102,25513291122.7154
297,United States,2001,1.0,26217375.157,54355080.203,USA,10581929774000.0,1538151000000.0
298,Vietnam,2001,14725.167,1010785.663,1797775.199,VNM,32685198735.3053,2068771146.74702
299,South Africa,2001,8.6091805,1173201.416,1048574.038,ZAF,135429607036.658,22510907784.6954
300,United Arab Emirates,2002,3.6724999,445360.971,3450903.775,ARE,109816201497.617,11142485827.0933
301,Argentina,2002,3.0632567,1239463.842,185369.034,ARG,97724004251.8602,11956773588.4449
302,Australia,2002,1.8405625,5850571.701,4585039.229,AUS,395580786940.142,72352971954.7928
303,Brazil,2002,2.9203629,3003019.897,1466382.34,BRA,509788814956.855,100987442918.778
304,Canada,2002,1.5703428,3626878.469,4303458.155,CAN,760649334098.005,150446695979.099
305,Switzerland,2002,1.5586075,2041393.401,638149.764,CHE,309301422430.386,35702346336.4558
306,China,2002,8.2769575,,,CHN,1470550015081.55,236323628633.563
307,Germany,2002,1.057559,16416414.964,11371849.916,DEU,2078484517474.51,399725217697.648
308,"Egypt, Arab Rep",2002,4.4996667,,,EGY,85146067415.7303,10719101123.5955
309,Spain,2002,1.057559,900175.313,2610822.307,ESP,708756677088.629,117826050785.883
310,France,2002,1.057559,4255734.179,4087772.114,FRA,1501409382971.38,341137469666.275
311,United Kingdom,2002,0.66722333,3335959.778,8059424.634,GBR,1785843824940.05,324647781774.58
312,Indonesia,2002,9311.1914,4508344.552,3426451.699,IDN,195660611165.183,14199987339.966
313,India,2002,48.610321,2273871.318,2671164.208,IND,514937948870.08,58260569083.2354
314,"Iran, Islamic Rep",2002,6907.0347,,,IRN,128626917503.72,15071353299.0324
315,Italy,2002,1.057559,4319464.915,4827434.793,ITA,1276769338449.3,236789626763.53
316,Japan,2002,125.38802,53465998.85,48433840.387,JPN,4182846045873.61,743496985357.45
317,"Korea, Rep",2002,1251.6025,,,KOR,627246081417.004,73648978091.1046
318,Mexico,2002,9.6559582,1114957.105,2863655.071,MEX,772106378935.377,80127010666.9428
319,Malaysia,2002,3.8,9296295.231,4974206.779,MYS,100845526315.789,13067368421.0526
320,Netherlands,2002,1.057559,1571573.806,9107558.607,NLD,473861980070.981,104832922223.922
321,Philippines,2002,51.603565,3217161.451,2042241.086,PHL,84307291973.8158,8658388639.55228
322,Russian Federation,2002,31.348484,8406690.131,3520742.377,RUS,345470494417.863,61958532695.3748
323,Saudi Arabia,2002,3.75,3435351.217,1671543.733,SAU,189605920240.0,49204533333.3333
324,Singapore,2002,1.7905884,7046562.432,6984217.188,SGP,92537752708.58928,10956774265.6093
325,Thailand,2002,42.960083,5599596.771,2957344.767,THA,134300851255.002,17690624556.2743
326,Turkey,2002,1.5072265,288785.705,1089043.515,TUR,240253216295.117,30838100384.8195
327,United States,2002,1.0,27261096.545,70050092.091,USA,10929112955000.0,1645819000000.0
328,Vietnam,2002,15279.5,1115891.744,2148380.455,VNM,35064105500.8344,2185280931.96767
329,South Africa,2002,10.540747,1268765.741,1310634.541,ZAF,129088132201.846,21661489483.6206
330,United Arab Emirates,2003,3.6724999,773463.824,5036996.813,ARE,124346358066.712,12124060313.1382
331,Argentina,2003,2.9006293,2729075.711,447186.056,ARG,127586973492.177,14593470488.4092
332,Australia,2003,1.5419142,7300072.115,6263578.991,AUS,467497961560.862,85809551543.3896
333,Brazil,2003,3.0774751,5842291.688,2143255.914,BRA,558229210852.965,106496057644.192
334,Canada,2003,1.4010146,4374492.403,5632183.952,CAN,895540646634.787,178178573977.589
335,Switzerland,2003,1.3466508,2692214.063,841755.224,CHE,362075086507.76,42489126011.7324
336,China,2003,8.2770367,,,CHN,1660287965662.68,254259974356.651
337,Germany,2003,0.88404793,24291888.786,17442112.338,DEU,2501640388482.35,483457951607.842
338,"Egypt, Arab Rep",2003,5.8508749,,,EGY,80288461538.4615,10173076923.0769
339,Spain,2003,0.88404793,1361329.02,3931376.341,ESP,907491523174.116,152246270661.568
340,France,2003,0.88404793,6102649.277,7331062.614,FRA,1844544792036.86,426890882716.862
341,United Kingdom,2003,0.61247247,3570342.065,10823721.178,GBR,2056612244897.96,388044081632.653
342,Indonesia,2003,8577.1338,5746970.51,4481889.97,IDN,234772463823.808,19085795197.2016
343,India,2003,46.583282,4251377.2,3343225.003,IND,607699285433.872,66094649923.2904
344,"Iran, Islamic Rep",2003,8193.8877,,,IRN,153544751395.43,17534075472.6546
345,Italy,2003,0.88404793,5080580.702,6652321.112,ITA,1577621707050.51,299360466623.921
346,Japan,2003,115.93346,74148125.418,59408697.992,JPN,4519561645253.53,806130238455.666
347,"Korea, Rep",2003,1191.6459,,,KOR,702717332012.991,85394550230.3606
348,Mexico,2003,10.78902,1676740.889,3267029.646,MEX,729336319677.449,80473440633.979
349,Malaysia,2003,3.8,13986407.889,6140888.811,MYS,110202368421.053,14291052631.5789
350,Netherlands,2003,0.88404793,1933120.393,13501234.886,NLD,580070360701.96,132841214134.117
351,Philippines,2003,54.203335,6306833.116,3092688.273,PHL,87039145965.2826,8644043244.5995
352,Russian Federation,2003,30.692024,9728068.486,6029926.895,RUS,430347770731.787,77101524827.3166
353,Saudi Arabia,2003,3.75,5172322.42,2146802.96,SAU,215807655253.333,52839466666.6667
354,Singapore,2003,1.7421833,10484851.41,8863772.416,SGP,97645448283.7791,11145333486.3965
355,Thailand,2003,41.484615,8826841.967,3827905.496,THA,152280677649.055,19683111323.238
356,Turkey,2003,1.5008852,532671.835,2065139.564,TUR,314592428076.487,39608504364.0482
357,United States,2003,1.0,33944165.955,92626296.055,USA,11456442041000.0,1746378000000.0
358,Vietnam,2003,15509.583,1456708.094,3182739.191,VNM,39552513316.0734,2499744786.8248
359,South Africa,2003,7.5647492,1839993.225,2029363.726,ZAF,197020241490.079,33230066307.9831
360,United Arab Emirates,2004,3.6724999,1304476.349,6841135.192,ARE,147824370319.946,12929750524.1661
361,Argentina,2004,2.9233007,3254874.419,852302.428,ARG,164657930452.787,18301129726.4273
362,Australia,2004,1.3597525,11552488.752,8838251.022,AUS,614326362213.686,112080665813.06
363,Brazil,2004,2.9251194,8672861.322,3674104.212,BRA,669293772178.729,123602389046.528
364,Canada,2004,1.3012816,7352990.098,8161179.224,CAN,1026690238278.25,199357417371.253
365,Switzerland,2004,1.2434958,3636716.454,1512543.728,CHE,403912891033.374,46510204262.1632
366,China,2004,8.2768011,,,CHN,1955347004963.27,285976192735.115
367,Germany,2004,0.80392164,30356020.93,23755731.818,DEU,2814353869359.08,529587679586.488
368,"Egypt, Arab Rep",2004,6.1962419,,,EGY,78782467532.4675,10048701298.7013
369,Spain,2004,0.80392164,1745936.185,5532653.089,ESP,1069055675273.75,183545250228.572
370,France,2004,0.80392164,7654865.9,9967437.372,FRA,2119633181634.37,488463025097.299
371,United Kingdom,2004,0.54618001,4758503.2,14966962.378,GBR,2422958623214.94,471352984254.852
372,Indonesia,2004,8938.8496,7215671.26,6256422.956,IDN,256836875295.452,21373625751.5732
373,India,2004,45.316467,7678030.131,5936007.816,IND,709148514804.659,73784792171.6913
374,"Iran, Islamic Rep",2004,8613.9893,,,IRN,190043433964.841,21353857010.4562
375,Italy,2004,0.80392164,6451387.936,9223773.571,ITA,1806542968545.56,346122039106.179
376,Japan,2004,108.19257,94326727.397,73509042.094,JPN,4893116005656.56,867224312108.917
377,"Korea, Rep",2004,1146.2491,,,KOR,793175007858.066,98253151957.53148
378,Mexico,2004,11.285967,2139840.417,4972754.272,MEX,782240601984.76,82035838826.8651
379,Malaysia,2004,3.8,18174736.849,8086058.941,MYS,124749473684.211,15693421052.6316
380,Netherlands,2004,0.80392164,2969411.023,18518819.008,NLD,658380081545.175,148184839074.518
381,Philippines,2004,56.039917,9059443.067,4268718.001,PHL,95002028504.6904,8684063565.42392
382,Russian Federation,2004,28.813742,12127411.073,9098115.927,RUS,591016690742.798,100305449496.703
383,Saudi Arabia,2004,3.75,7522645.144,2775457.898,SAU,258742263040.0,59146133333.3333
384,Singapore,2004,1.6902283,13994472.988,12687599.657,SGP,115035498757.543,11870133711.9867
385,Thailand,2004,40.222416,11540504.973,5801575.463,THA,172895749632.046,22673013047.4561
386,Turkey,2004,1.4255372,591381.206,2821291.823,TUR,408876042651.701,50353904524.7282
387,United States,2004,1.0,44747868.764,125148955.896,USA,12217193198000.0,1851920000000.0
388,Vietnam,2004,15746.0,2481988.662,4260028.135,VNM,45427854693.2554,2903277022.73593
389,South Africa,2004,6.4596925,2960203.427,2951903.935,ZAF,255806631391.551,43498482545.6291
390,United Arab Emirates,2005,3.6724999,2045599.161,8729838.759,ARE,180617467964.602,14219278420.6944
391,Argentina,2005,2.9036574,3799209.692,1324429.053,ARG,198737095012.282,24130382300.7642
392,Australia,2005,1.3094733,16193626.752,11061500.935,AUS,695328522026.763,127411667418.433
393,Brazil,2005,2.4343901,9992524.117,4827209.396,BRA,891630177209.99,168428953212.29
394,Canada,2005,1.2114052,7511155.033,11653674.562,CAN,1173108598778.68,223781152005.281
395,Switzerland,2005,1.2451767,3890300.729,1956172.511,CHE,418284865884.998,47049734982.3322
396,China,2005,8.1943169,,,CHN,2285965892360.54,338269518582.429
397,Germany,2005,0.80380017,30722927.993,32527131.213,DEU,2846864211175.1,534524629615.564
398,"Egypt, Arab Rep",2005,5.7788334,,,EGY,89600665557.4043,11414309484.193
399,Spain,2005,0.80380017,2081639.051,8483530.883,ESP,1153715822717.51,199957653117.51
400,France,2005,0.80380017,9016838.965,11691652.57,FRA,2196945232435.8,506770219729.183
401,United Kingdom,2005,0.54999834,5523782.809,18976473.583,GBR,2544805454545.45,500227272727.273
402,Indonesia,2005,9704.7412,8436960.169,8350368.154,IDN,285868618224.017,23182537666.0978
403,India,2005,44.099976,9766216.269,8934277.108,IND,820381595512.902,85041906343.7353
404,"Iran, Islamic Rep",2005,8963.959,,,IRN,226452138291.542,27346910205.8467
405,Italy,2005,0.80380017,6925291.833,11690507.119,ITA,1858217147203.73,364479883007.004
406,Japan,2005,110.21821,100407681.253,83986277.412,JPN,4831467035389.8,857290356765.035
407,"Korea, Rep",2005,1024.3284,,,KOR,934901071332.984,120249381735.499
408,Mexico,2005,10.897892,2225294.549,5537687.359,MEX,877476221382.101,92325474082.1626
409,Malaysia,2005,3.7870917,20093205.062,10606347.146,MYS,143534102611.497,16468537931.3987
410,Netherlands,2005,0.80380017,2926720.742,25875734.757,NLD,685348181515.953,152693419579.766
411,Philippines,2005,55.085491,12869688.589,4687630.614,PHL,107419961717.693,9522978925.48856
412,Russian Federation,2005,28.284441,15889942.926,13211283.269,RUS,764017107992.391,128901443905.474
413,Saudi Arabia,2005,3.75,12245714.978,3824415.297,SAU,328459700114.755,70094206186.1173
414,Singapore,2005,1.6643975,16514595.725,16632262.456,SGP,127807618360.971,12649303052.1509
415,Thailand,2005,40.220131,13991887.187,7819296.435,THA,189318549680.384,25848841748.2801
416,Turkey,2005,1.3435831,621744.135,4253725.596,TUR,506308311476.63,61698603378.9818
417,United States,2005,1.0,48741358.502,163180459.034,USA,13039199193000.0,1962027000000.0
418,Vietnam,2005,15858.917,2552837.945,5643899.032,VNM,57633255618.2731,3149773779.94551
419,South Africa,2005,6.3593283,3443051.908,3825965.079,ZAF,288868489078.987,46649079191.1059
420,United Arab Emirates,2006,3.6724999,2796745.203,11404780.331,ARE,222116541865.214,15365627120.4901
421,Argentina,2006,3.0543134,3700185.258,2003896.248,ARG,232557260817.308,28905507926.1954
422,Australia,2006,1.3279735,19323299.466,13624882.168,AUS,747906558849.955,136414345612.459
423,Brazil,2006,2.1753266,12909495.161,7380105.731,BRA,1107640289661.2,210882714660.047
424,Canada,2006,1.1343447,7662114.176,15516844.612,CAN,1319264809590.97,253942172073.343
425,Switzerland,2006,1.2538433,4268222.47,2520434.008,CHE,441634672196.523,47443775721.8057
426,China,2006,7.9734383,,,CHN,2752131773355.16,407880128490.983
427,Germany,2006,0.79643273,37879365.204,40314598.128,DEU,2994703642023.53,548862424927.058
428,"Egypt, Arab Rep",2006,5.7331667,,,EGY,107426086956.522,13200000000.0
429,Spain,2006,0.79643273,3003141.507,11545364.553,ESP,1260398977831.76,218809440180.0
430,France,2006,0.79643273,11288721.815,13978873.746,FRA,2320536221304.7,528134999548.235
431,United Kingdom,2006,0.54348665,6506395.471,24163209.027,GBR,2709911683532.66,538071757129.715
432,Indonesia,2006,9159.3164,9605743.215,9449711.801,IDN,364570514304.85,31452113671.3179
433,India,2006,45.307007,10277448.538,14581297.367,IND,940259888792.141,92168697919.314
434,"Iran, Islamic Rep",2006,9170.9434,,,IRN,266298911661.144,33196610503.6375
435,Italy,2006,0.79643273,8600427.622,15977188.051,ITA,1949551719389.64,379846267291.764
436,Japan,2006,116.29931,115672580.888,91622673.33,JPN,4601663122649.92,809666094292.915
437,"Korea, Rep",2006,955.34082,,,KOR,1053216909887.56,140821887105.077
438,Mexico,2006,10.899241,2607102.793,8823554.228,MEX,975387131716.089,100898175645.919
439,Malaysia,2006,3.6681769,23572434.34,13537073.744,MYS,162691238209.476,18168856659.9422
440,Netherlands,2006,0.79643273,3650066.874,30861137.796,NLD,733955269898.823,170197676128.235
441,Philippines,2006,51.314274,17674561.008,5738134.533,PHL,127652859201.041,11574151772.5079
442,Russian Federation,2006,27.190958,17554327.123,15832487.03,RUS,989930542278.6948,172130484351.44
443,Saudi Arabia,2006,3.75,15084532.094,5055833.989,SAU,376900135727.637,83065954606.1415
444,Singapore,2006,1.5889333,17672615.941,23185291.43,SGP,148630373214.173,14724715211.7817
445,Thailand,2006,37.881985,17962428.351,9764064.739,THA,221758196504.936,29942373686.7114
446,Turkey,2006,1.4284534,765951.559,7303284.863,TUR,557057829051.453,71902393559.678
447,United States,2006,1.0,59314269.712,203801045.737,USA,13815586948000.0,2072953000000.0
448,Vietnam,2006,15994.25,2486076.3,7463355.015,VNM,66371664817.0436,3672194694.9685
449,South Africa,2006,6.7715492,4085358.057,5767709.102,ZAF,303860874149.007,48194584405.2278
450,United Arab Emirates,2007,3.6724999,3012026.771,17104968.13,ARE,257916133424.098,17365487787.6106
451,Argentina,2007,3.0956488,6334230.244,3581130.834,ARG,287530508430.568,37348269040.9027
452,Australia,2007,1.1950725,25801493.543,17996590.492,AUS,854427259166.209,154696553348.512
453,Brazil,2007,1.9470583,18342070.986,11398472.406,BRA,1397084349956.35,264649515279.133
454,Canada,2007,1.0740457,10979291.545,19360318.063,CAN,1468820407783.26,282755795549.763
455,Switzerland,2007,1.2003658,5868268.289,3614204.201,CHE,490740715594.802,51156824391.8694
456,China,2007,7.6075325,,,CHN,3550342737010.84,519300179747.617
457,Germany,2007,0.72967237,45384335.446,48744144.23,DEU,3425578382921.58,611638866989.806
458,"Egypt, Arab Rep",2007,5.6354332,,,EGY,130437828371.278,14781085814.3608
459,Spain,2007,0.72967237,4430019.442,16622006.646,ESP,1474002579820.0,260981503485.883
460,France,2007,0.72967237,13351621.181,20466709.061,FRA,2660591246211.77,596854149902.747
461,United Kingdom,2007,0.49977165,7776492.84,31666365.068,GBR,3092821128451.38,609729891956.783
462,Indonesia,2007,9141.0,12464206.89,12695661.139,IDN,432216737774.861,36074838967.2902
463,India,2007,41.348534,14617156.071,24051379.611,IND,1216735441524.86,119995857352.207
464,"Iran, Islamic Rep",2007,9281.1514,,,IRN,349881601458.56,33158619234.6622
465,Italy,2007,0.72967237,10211075.964,21187737.246,ITA,2213102482751.46,421101305197.648
466,Japan,2007,117.75353,133950504.404,102062496.249,JPN,4579750920354.81,807607417189.298
467,"Korea, Rep",2007,929.37585,,,KOR,1172614086539.86,157632982813.264
468,Mexico,2007,10.928192,3265309.769,11717654.683,MEX,1052696282278.87,109537060449.113
469,Malaysia,2007,3.4375694,28723283.216,17744198.459,MYS,193547824063.3,22387421456.8303
470,Netherlands,2007,0.72967237,4924823.59,41423052.427,NLD,848558887541.179,197158341199.608
471,Philippines,2007,46.148392,23117834.717,7528377.839,PHL,155980378253.634,14399457055.9326
472,Russian Federation,2007,25.580845,19688578.673,28529895.037,RUS,1299705764823.62,224817050287.716
473,Saudi Arabia,2007,3.75,17560475.696,7839958.562,SAU,415964583055.37,85946897931.9546
474,Singapore,2007,1.5071017,17550372.64,29946491.368,SGP,180941941477.009,16531086192.0244
475,Thailand,2007,34.518181,22665748.373,12032909.569,THA,262942476722.425,36617233807.0931
476,Turkey,2007,1.302931,1293801.39,10484265.622,TUR,681337335021.874,91228960242.5359
477,United States,2007,1.0,69547964.495,233168789.977,USA,14474226905000.0,2198532000000.0
478,Vietnam,2007,16105.125,3226280.825,11894983.627,VNM,77414425532.2452,4299687211.36905
479,South Africa,2007,7.0453649,6618094.263,7444900.447,ZAF,333075462599.71,52914026229.8805
480,United Arab Emirates,2008,3.6724999,4613250.116,23643689.55,ARE,315474615738.598,23019664125.2553
481,Argentina,2008,3.1441646,9361349.629,5054732.598,ARG,361558037110.419,49293062930.4651
482,Australia,2008,1.1921784,37435132.805,22247264.26,AUS,1055642793196.06,190247985675.918
483,Brazil,2008,1.8337667,29863442.631,18807457.292,BRA,1695824565928.67,319483052513.906
484,Canada,2008,1.0670869,12673350.929,21795876.535,CAN,1552989690721.65,306240862230.553
485,Switzerland,2008,1.0830899,7384708.321,3917989.222,CHE,567267767519.158,59964167666.8821
486,China,2008,6.9486551,,,CHN,4594307032660.79,665513600623.138
487,Germany,2008,0.6799227,55789930.102,59208951.16,DEU,3745264093617.19,683718919290.625
488,"Egypt, Arab Rep",2008,5.4324999,,,EGY,162818181818.182,17727272727.2727
489,Spain,2008,0.6799227,5423981.851,20818394.562,ESP,1631863493552.34,307167279648.437
490,France,2008,0.6799227,15644105.129,23498662.001,FRA,2930303780828.12,661151647378.125
491,United Kingdom,2008,0.54396623,9541781.621,36072739.431,GBR,2931501838235.29,598091911764.706
492,Indonesia,2008,9698.9629,14322934.795,17193114.3,IDN,510228634992.258,42980542403.3756
493,India,2008,43.505184,20258886.26,31585380.667,IND,1198895582137.51,126345385007.914
494,"Iran, Islamic Rep",2008,9428.5283,,,IRN,412336172446.849,41450968395.6085
495,Italy,2008,0.6799227,11639033.821,26628788.111,ITA,2408655348718.59,471131511571.094
496,Japan,2008,103.3595,150600041.097,116132454.516,JPN,5106679115127.3,920480458980.548
497,"Korea, Rep",2008,1100.1259,,,KOR,1047339010225.25,147136142234.263
498,Mexico,2008,11.129717,3690254.865,13866487.521,MEX,1109989063586.62,119096486158.657
499,Malaysia,2008,3.3358333,32101396.273,21455168.798,MYS,230813897715.69,26554649559.3261
500,Netherlands,2008,0.6799227,5299419.951,45918580.557,NLD,951869997864.062,223629839778.906
501,Philippines,2008,44.323288,19504743.994,9132231.065,PHL,181624577154.679,16009176392.552
502,Russian Federation,2008,24.852875,23832761.729,33075849.922,RUS,1660846387624.78,296138478809.314
503,Saudi Arabia,2008,3.75,31022697.923,10823467.968,SAU,519796738640.0,92026133333.3333
504,Singapore,2008,1.4148608,20171264.55,32305805.355,SGP,193611986712.842,19580394374.1607
505,Thailand,2008,33.313301,25656736.974,15636354.387,THA,291382991177.698,41790005793.4819
506,Turkey,2008,1.3015217,1962933.289,10606311.968,TUR,770462156204.38,104754288666.923
507,United States,2008,1.0,81585556.125,252843530.635,USA,14769857911000.0,2353440000000.0
508,Vietnam,2008,16302.25,4336317.47,15122132.632,VNM,99130304099.1274,5576162799.61355
509,South Africa,2008,8.2612238,9234972.954,8617621.625,ZAF,316132138757.081,53971513387.8855
510,United Arab Emirates,2009,3.6724999,2595229.265,18632295.505,ARE,253547358747.447,25948399046.9707
511,Argentina,2009,3.7101068,4306017.303,3482892.91,ARG,332976484577.619,52956236298.6285
512,Australia,2009,1.2821888,39438780.145,20645566.954,AUS,928626859078.192,170436607274.334
513,Brazil,2009,1.9994282,28280982.512,14118518.263,BRA,1667019783635.09,327580029758.928
514,Canada,2009,1.1415354,12026170.244,17675119.089,CAN,1374625142157.29,301930714723.121
515,Switzerland,2009,1.0881417,6949483.242,2664657.604,CHE,554212916092.271,63095060196.6731
516,China,2009,6.8314161,,,CHN,5101703073086.04,752653036610.358
517,Germany,2009,0.71695769,55764084.071,49919564.279,DEU,3411261212652.34,681969101698.828
518,"Egypt, Arab Rep",2009,5.5445533,,,EGY,189147005444.646,21470054446.461
519,Spain,2009,0.71695769,4292253.015,14077808.41,ESP,1491472923706.64,307835454419.922
520,France,2009,0.71695769,13031124.186,21611741.188,FRA,2700887366932.03,650395412014.843
521,United Kingdom,2009,0.64191926,7877356.924,31277364.093,GBR,2417638261411.43,531657579062.159
522,Indonesia,2009,10389.938,13663782.584,14720623.749,IDN,539580085612.401,51741295652.6447
523,India,2009,48.405266,13714288.921,29666559.641,IND,1341886602798.69,153775741830.844
524,"Iran, Islamic Rep",2009,9864.3027,,,IRN,416397025729.361,46562847681.4352
525,Italy,2009,0.71695769,11020282.28,20243631.792,ITA,2199928804118.63,454915260806.64
526,Japan,2009,93.570091,130937524.825,97910965.891,JPN,5289493117993.89,1022656810241.73
527,"Korea, Rep",2009,1277.2458,,,KOR,943941876218.743,138387852114.055
528,Mexico,2009,13.513475,3881899.42,12298991.353,MEX,900045350649.351,107258079032.079
529,Malaysia,2009,3.524503,32330690.825,19631938.849,MYS,202257625195.063,26391544899.9858
530,Netherlands,2009,0.71695769,5122250.178,36682224.862,NLD,871518638049.218,226574035739.062
531,Philippines,2009,47.679688,11946610.452,8584707.5,PHL,175974711592.145,17292328506.681
532,Russian Federation,2009,31.740358,21282952.148,17513771.415,RUS,1222644282201.86,254146135524.442
533,Saudi Arabia,2009,3.75,23620243.562,8977851.553,SAU,429097899280.0,95203929306.6667
534,Singapore,2009,1.4545147,17796637.195,30066363.191,SGP,194152286008.938,19279271227.2259
535,Thailand,2009,34.285774,24896941.868,13307098.106,THA,281710416557.292,45017470789.6564
536,Turkey,2009,1.5499598,1745485.488,8333534.857,TUR,649272568774.193,101662186064.516
537,United States,2009,1.0,77755100.817,221295019.639,USA,14478064934000.0,2433429000000.0
538,Vietnam,2009,17065.084,4746739.792,16300914.499,VNM,106014659770.222,6125958963.23577
539,South Africa,2009,8.4736738,8693253.033,7365588.491,ZAF,329753048857.052,58675047771.3396
540,United Arab Emirates,2010,3.6724999,4451552.488,21235460.53,ARE,289787452661.675,29068775901.9741
541,Argentina,2010,3.8962951,6804128.143,6115764.185,ARG,423627422092.49,64237667185.0303
542,Australia,2010,1.0901595,61105168.266,27220263.744,AUS,1148610059015.24,215429401920.197
543,Brazil,2010,1.7592267,38099447.351,24460651.866,BRA,2208871646202.82,420057981014.097
544,Canada,2010,1.0301127,14921961.381,22216134.152,CAN,1617343367486.26,347331886872.437
545,Switzerland,2010,1.0429057,17108295.862,3038875.139,CHE,598851028906.58,66973176610.6931
546,China,2010,6.7702689,,,CHN,6087163874512.21,887935846990.532
547,Germany,2010,0.754309,74251272.075,68047133.397,DEU,3399667820000.01,665084211616.668
548,"Egypt, Arab Rep",2010,5.621943,,,EGY,218983666061.706,24446460980.0363
549,Spain,2010,0.754309,6236378.004,18178685.692,ESP,1422108199783.34,293422195550.001
550,France,2010,0.754309,17116565.094,27858708.505,FRA,2645187882116.67,634560911083.335
551,United Kingdom,2010,0.64717937,11305193.076,38767054.02,GBR,2491397494467.95,536534428025.437
552,Indonesia,2010,9090.4336,20795188.52,21953565.243,IDN,755094160363.071,68003138200.244
553,India,2010,45.725811,20846313.421,40913958.297,IND,1675615335600.56,184445165510.006
554,"Iran, Islamic Rep",2010,10254.177,,,IRN,486807615326.147,52597324346.9577
555,Italy,2010,0.754309,14006239.062,31139647.035,ITA,2136099955236.67,439032285633.334
556,Japan,2010,87.779877,176736084.144,121043964.529,JPN,5759071769013.11,1105891299116.11
557,"Korea, Rep",2010,1156.46,,,KOR,1144066965324.49,162512791280.045
558,Mexico,2010,12.636008,6875187.863,17872653.087,MEX,1057801295584.05,124517633586.578
559,Malaysia,2010,3.221087,50430149.705,23802061.384,MYS,255016609232.871,32084070659.0916
560,Netherlands,2010,0.754309,6479120.129,49704161.455,NLD,847380859016.668,222381016533.334
561,Philippines,2010,45.109665,16220254.753,11540277.32,PHL,208368726861.407,20254263677.2136
562,Russian Federation,2010,30.367916,25913993.644,29612073.703,RUS,1524917468442.01,285541641009.092
563,Saudi Arabia,2010,3.75,32829047.702,10366444.546,SAU,528207332649.536,106712736808.325
564,Singapore,2010,1.3635083,24728920.282,32347238.005,SGP,239809387605.427,23241290795.7462
565,Thailand,2010,31.685705,33193365.016,19741222.106,THA,341104820155.464,53897341703.0395
566,Turkey,2010,1.5028486,3164059.033,11942037.327,TUR,776992599946.766,115574214200.16
567,United States,2010,1.0,102734184.535,283780322.735,USA,15048964444000.0,2511046000000.0
568,Vietnam,2010,18612.916,6984262.461,23101555.926,VNM,147201163802.554,15284351431.0683
569,South Africa,2010,7.3212218,14896422.261,10799862.041,ZAF,417365076968.257,75109284707.425
570,United Arab Emirates,2011,3.6724999,8306605.795,26812847.746,ARE,350666058379.85,34902893995.9156
571,Argentina,2011,4.1101394,6256571.958,8502556.365,ARG,530163281574.658,83177086713.2187
572,Australia,2011,0.96946323,82667477.335,33910012.731,AUS,1398405797101.45,259842255742.877
573,Brazil,2011,1.6728288,52386750.28,31836677.325,BRA,2616201578192.25,488425394488.283
574,Canada,2011,0.98925817,22167123.339,25266589.99,CAN,1793326630174.52,379214461589.188
575,Switzerland,2011,0.88804203,27287231.594,3713551.994,CHE,715888126682.396,80720477997.4407
576,China,2011,6.4614615,,,CHN,7551500124203.36,1150762904737.29
577,Germany,2011,0.71841389,92726219.513,76399999.43,DEU,3749314991050.59,714991735214.009
578,"Egypt, Arab Rep",2011,5.9328275,,,EGY,235989672977.625,27022375215.1463
579,Spain,2011,0.71841389,7551575.841,19723608.754,ESP,1480710495710.12,306088176206.226
580,France,2011,0.71841389,22078792.507,30245912.719,FRA,2865157541994.17,680318129863.815
581,United Kingdom,2011,0.62414086,14556660.582,44122054.712,GBR,2666403005061.42,558447677256.163
582,Indonesia,2011,8770.4336,31337083.878,29220943.981,IDN,892969107923.094,80891188808.1972
583,India,2011,46.670467,23372278.613,50536415.932,IND,1823049927772.05,202075268929.395
584,"Iran, Islamic Rep",2011,10616.307,,,IRN,626133114526.806,82654791071.1108
585,Italy,2011,0.71841389,17578443.451,33692730.999,ITA,2294994296589.5,454776836322.958
586,Japan,2011,79.807022,194567856.305,148268708.074,JPN,6233147172341.35,1239486203193.64
587,"Korea, Rep",2011,1108.2333,,,KOR,1253223044718.99,180121467977.621
588,Mexico,2011,12.423325,9377587.115,23975905.865,MEX,1180489601957.61,139027241473.683
589,Malaysia,2011,3.060003,62136639.68,27886048.451,MYS,297951960784.314,39540196078.4314
590,Netherlands,2011,0.71841389,8660906.83,59499691.403,NLD,905270626332.687,233439247645.915
591,Philippines,2011,43.313137,17992317.07,14255388.286,PHL,234216930369.796,22750971119.592
592,Russian Federation,2011,29.382341,40362599.801,38903017.967,RUS,2045925608274.37,360604853942.68
593,Saudi Arabia,2011,3.75,49467519.877,14849707.392,SAU,671238840108.229,130149866666.667
594,Singapore,2011,1.2577759,28139648.591,35570137.217,SGP,279351168707.267,25803227858.1651
595,Thailand,2011,30.491734,39039795.886,25694603.599,THA,370819140946.553,59856813493.5081
596,Turkey,2011,1.6749545,3123228.248,15613704.584,TUR,838762755164.179,114074713731.343
597,United States,2011,1.0,123124009.886,325010987.549,USA,15599728123000.0,2511311000000.0
598,Vietnam,2011,20509.75,11116531.136,29091568.152,VNM,172595034069.162,17226569314.5943
599,South Africa,2011,7.2611322,32095190.401,13362300.051,ZAF,458201514136.977,83370421575.2434
600,United Arab Emirates,2012,3.6724999,10851923.958,29568342.622,ARE,384610125384.033,36449312457.454
601,Argentina,2012,4.5369344,6560805.532,7869366.024,ARG,545982375701.128,90881156804.3051
602,Australia,2012,0.96580106,84568208.584,37734919.542,AUS,1546892142709.84,291073417199.423
603,Brazil,2012,1.9530686,52281126.771,33413633.342,BRA,2465188674415.03,456802006912.088
604,Canada,2012,0.99936473,23209147.824,28125194.109,CAN,1828366481521.6,385014582980.598
605,Switzerland,2012,0.93768448,22884175.885,3507411.013,CHE,686420221557.99,77667949612.3326
606,China,2012,6.3123326,,,CHN,8532229986993.65,1344344845037.47
607,Germany,2012,0.77833813,91933080.631,69212732.296,DEU,3527143188785.16,679923013042.969
608,"Egypt, Arab Rep",2012,6.0560584,,,EGY,279116666666.667,31200000000.0
609,Spain,2012,0.77833813,6334673.435,18240173.784,ESP,1324750738725.0,264649764153.516
610,France,2012,0.77833813,24124459.639,27195962.72,FRA,2683671716967.19,642752791976.953
611,United Kingdom,2012,0.63304698,16801246.807,46296692.725,GBR,2706340967030.68,562787607035.431
612,Indonesia,2012,9386.6289,31935986.395,34285243.915,IDN,917869910105.749,84891845511.3152
613,India,2012,53.437233,18797190.537,47677451.834,IND,1827637859506.25,195262201308.237
614,"Iran, Islamic Rep",2012,12175.547,,,IRN,644035510447.901,85836409799.2937
615,Italy,2012,0.77833813,16064755.279,25656013.136,ITA,2086957656821.6,413385894330.469
616,Japan,2012,79.790459,177832335.544,151626580.721,JPN,6272362996105.03,1251796339273.82
617,"Korea, Rep",2012,1126.8066,,,KOR,1278427634342.59,187748142251.002
618,Mexico,2012,13.169458,9161024.573,27517962.691,MEX,1201089987015.45,143491025627.397
619,Malaysia,2012,3.0888009,58304935.012,36525700.292,MYS,314443149443.149,43525641025.641
620,Netherlands,2012,0.77833813,8703962.287,58898784.96,NLD,838923319919.531,218343410841.797
621,Philippines,2012,42.228794,19643205.303,16732210.058,PHL,261920509950.555,28266846742.0339
622,Russian Federation,2012,30.83983,44138278.872,44056551.091,RUS,2208295773643.15,396769758558.745
623,Saudi Arabia,2012,3.75,54861126.276,18452900.814,SAU,735974843348.664,146980941226.027
624,Singapore,2012,1.2496762,28529562.909,40750209.041,SGP,295087220933.024,26138433223.9738
625,Thailand,2012,31.083092,38551206.04,31196768.378,THA,397558222957.17,65012627440.6349
626,Turkey,2012,1.796001,3511810.027,15585293.352,TUR,880556375779.51,124388475779.51
627,United States,2012,1.0,133765823.048,352438221.016,USA,16253972230000.0,2515439000000.0
628,Vietnam,2012,20828.0,16229125.413,34212586.98,VNM,195590647205.685,20429808911.0812
629,South Africa,2012,8.2099686,44653737.21,15323311.517,ZAF,434400545085.811,81756551200.38
630,United Arab Emirates,2013,3.6724999,12823525.641,33411294.711,ARE,400218529747.597,42851083185.8407
631,Argentina,2013,5.4593525,6085768.453,8750429.703,ARG,552025140252.246,92774657769.3512
632,Australia,2013,1.0358431,98954088.026,37554163.21,AUS,1576380424746.08,295898225094.901
633,Brazil,2013,2.1560891,54299122.653,35895471.244,BRA,2472806919901.67,467174528175.873
634,Canada,2013,1.0301374,25236970.65,29216715.384,CAN,1846597421834.98,382325710984.663
635,Switzerland,2013,0.92690355,56191550.342,3529136.223,CHE,706234937370.968,80599621374.5016
636,China,2013,6.1957583,,,CHN,9570406235659.64,1520164847101.26
637,Germany,2013,0.75294513,94156749.71,67342500.439,DEU,3733804649549.03,732980377134.904
638,"Egypt, Arab Rep",2013,6.8703251,,,EGY,288434108527.132,32744186046.5116
639,Spain,2013,0.75294513,5971877.584,18931672.371,ESP,1355579535912.55,269848351325.883
640,France,2013,0.75294513,23119289.346,26948465.912,FRA,2811876903329.03,677990977839.218
641,United Kingdom,2013,0.6396606,19078787.545,50942127.633,GBR,2786315215249.95,561025663546.284
642,Indonesia,2013,10461.24,31424278.6,36930489.821,IDN,912524136718.018,86851491925.0873
643,India,2013,58.597847,16970269.592,48432411.237,IND,1856722121394.42,191152515788.76
644,"Iran, Islamic Rep",2013,18414.447,,,IRN,492775565649.562,63932402314.714
645,Italy,2013,0.75294513,17573805.1,25752660.052,ITA,2141924094298.56,424255354565.099
646,Japan,2013,97.595657,162245572.78,150132588.978,JPN,5212328181166.18,1034874929709.26
647,"Korea, Rep",2013,1094.9825,,,KOR,1370795199976.18,205297716250.283
648,Mexico,2013,12.771992,10238485.563,28966299.976,MEX,1274443084716.57,155372292279.987
649,Malaysia,2013,3.1509085,60153183.872,45930593.403,MYS,323277158906.979,44338760354.1845
650,Netherlands,2013,0.75294513,9824959.2,60314751.572,NLD,877172824534.512,226213033147.452
651,Philippines,2013,42.446186,18181829.139,19868125.345,PHL,283902728260.716,30709630412.1453
652,Russian Federation,2013,31.837143,39667828.205,49591171.963,RUS,2292473246621.08,428126305473.803
653,Saudi Arabia,2013,3.75,53450710.541,18739813.766,SAU,746647127407.619,167605866666.667
654,Singapore,2013,1.2513,30064514.713,45831864.575,SGP,307576360584.992,29970910253.3365
655,Thailand,2013,30.725967,38522680.528,32717903.843,THA,420333203150.426,68781162533.3594
656,Turkey,2013,1.9037683,4486234.345,17746990.917,TUR,957783020853.031,134265708582.834
657,United States,2013,1.0,153394862.034,369063858.557,USA,16843190993000.0,2532646000000.0
658,Vietnam,2013,20933.416,16891892.668,48586298.201,VNM,213708830436.648,23328810915.0381
659,South Africa,2013,9.655056,48388425.446,16830776.066,ZAF,400886013595.573,76494561791.4655
660,United Arab Emirates,2014,3.6724999,15763356.629,39034507.149,ARE,414105366758.911,44070401007.4881
661,Argentina,2014,8.0752764,5246944.098,7679829.418,ARG,526319673731.638,89210530677.4557
662,Australia,2014,1.1093633,97630887.218,39145950.36,AUS,1467545212521.8,274271550537.042
663,Brazil,2014,2.352952,51653224.893,34890134.489,BRA,2455993625159.37,470409689630.259
664,Canada,2014,1.1047472,25182010.414,30003678.663,CAN,1805749878439.94,365963384878.333
665,Switzerland,2014,0.91615105,40541086.244,3109862.912,CHE,726537808338.0,83418429992.0813
666,China,2014,6.143434,,,CHN,10475682920594.5,1656943445134.62
667,Germany,2014,0.75272822,105012759.989,72703048.969,DEU,3889093051023.52,761835417268.625
668,"Egypt, Arab Rep",2014,7.0776086,,,EGY,305595408895.265,36212338593.9742
669,Spain,2014,0.75272822,6203607.216,21501636.106,ESP,1371820537888.62,269862349819.999
670,France,2014,0.75272822,27074419.529,28975790.976,FRA,2855964488590.19,689026931784.311
671,United Kingdom,2014,0.60772961,23726733.122,57141135.496,GBR,3065223279583.79,609376248287.116
672,Indonesia,2014,11865.211,24485246.982,39059605.524,IDN,890814755233.225,83959519785.6948
673,India,2014,61.029514,16358690.559,54217421.728,IND,2039127446299.3,212902376803.132
674,"Iran, Islamic Rep",2014,25941.664,,,IRN,460382791826.34,59021653891.594
675,Italy,2014,0.75272822,19281902.871,28756397.409,ITA,2162009615996.54,422435350895.293
676,Japan,2014,105.94478,162920512.065,149391340.472,JPN,4896994405353.29,975783790301.09
677,"Korea, Rep",2014,1052.84,,,KOR,1484318219633.63,225990749133.301
678,Mexico,2014,13.29245,11173418.355,32255386.103,MEX,1315351183524.54,160406576791.424
679,Malaysia,2014,3.2728598,55652242.622,46353387.874,MYS,338061963396.376,45059427419.1084
680,Netherlands,2014,0.75272822,9340125.852,64928515.588,NLD,892167986713.722,229119887766.666
681,Philippines,2014,44.395153,20984132.158,23473577.223,PHL,297483247101.038,31417719426.875
682,Russian Federation,2014,38.378208,41593505.497,53676944.136,RUS,2059241965490.83,371226373305.679
683,Saudi Arabia,2014,3.75,48508025.98,20575241.927,SAU,756350347320.381,197108217821.486
684,Singapore,2014,1.26705,30828733.314,48911174.763,SGP,314851156183.411,30323415673.5854
685,Thailand,2014,32.479832,38331928.398,34289227.963,THA,407339454060.678,68907012974.2178
686,Turkey,2014,2.1885424,3705395.699,19305457.61,TUR,938952628604.067,131640968425.862
687,United States,2014,1.0,160064513.783,397099249.674,USA,17550680174000.0,2566254000000.0
688,Vietnam,2014,21148.0,19906397.835,63730014.143,VNM,233451484773.974,24086266313.5994
689,South Africa,2014,10.852655,44568129.974,15699145.579,ZAF,381198869776.106,73624988316.5505
690,United Arab Emirates,2015,3.6724999,11514031.96,37020164.366,ARE,370275469560.166,44511095983.6624
691,Argentina,2015,9.2331858,5717476.184,8805106.457,ARG,594749285413.212,107639984288.54
692,Australia,2015,1.3310902,73509970.806,40306508.77,AUS,1350615691821.28,257946584574.424
693,Brazil,2015,3.3269043,44089358.062,27412225.426,BRA,1802214373741.32,356420691845.261
694,Canada,2015,1.2787862,26213745.786,29422642.319,CAN,1556508816217.14,324965188724.922
695,Switzerland,2015,0.9623813,41200165.571,3195333.673,CHE,694118186379.628,80084350929.605
696,China,2015,6.2274885,,,CHN,11061553079876.4,1793950153875.55
697,Germany,2015,0.90129644,87623361.068,69154833.607,DEU,3357585719351.56,661167607626.562
698,"Egypt, Arab Rep",2015,7.6912584,,,EGY,329366576819.407,38733153638.814
699,Spain,2015,0.90129644,5587168.575,21855810.76,ESP,1196156971279.69,233460373906.641
700,France,2015,0.90129644,24631699.637,27051526.502,FRA,2439188643162.5,580719046953.125
701,United Kingdom,2015,0.65454549,18933743.502,59567065.46,GBR,2934857946213.47,572469006449.675
702,Indonesia,2015,13389.413,19886194.033,34341964.72,IDN,860854235065.079,83928241330.1856
703,India,2015,64.151947,13368553.464,58228027.086,IND,2103587813812.75,219368252547.408
704,"Iran, Islamic Rep",2015,29011.492,,,IRN,408212918053.939,63553947570.1797
705,Italy,2015,0.90129644,16819824.938,27834410.422,ITA,1836637711060.55,350987745871.875
706,Japan,2015,121.04403,142902572.984,135616442.813,JPN,4444930651964.18,871995122465.117
707,"Korea, Rep",2015,1130.9525,,,KOR,1465773245547.15,221090343298.789
708,Mexico,2015,15.848267,10027517.434,33791755.144,MEX,1171867608197.72,144341228964.621
709,Malaysia,2015,3.9055002,53277330.687,43980386.746,MYS,301354756113.174,39436947893.9957
710,Netherlands,2015,0.90129644,8777760.827,59453380.174,NLD,765572770634.375,191228984750.781
711,Philippines,2015,45.502838,18965654.304,26670791.21,PHL,306446140628.709,33438304752.6746
712,Russian Federation,2015,60.937649,33258662.857,34756877.25,RUS,1363481063446.77,242227717816.721
713,Saudi Arabia,2015,3.75,30021050.937,21612927.984,SAU,654269739552.019,196303783007.934
714,Singapore,2015,1.374825,27580763.34,51942439.609,SGP,308004146057.608,31388420133.8377
715,Thailand,2015,34.247715,37168745.238,38290804.015,THA,401296437424.995,68706570076.2387
716,Turkey,2015,2.7200086,2943637.695,18607841.074,TUR,864316670330.882,119320406911.765
717,United States,2015,1.0,148693056.205,409979244.393,USA,18206020741000.0,2608983000000.0
718,Vietnam,2015,21697.568,29831745.312,66017019.778,VNM,239258340825.533,25492765951.7593
719,South Africa,2015,12.758931,30151410.452,15857921.952,ZAF,346709790458.563,65823101021.9047
720,United Arab Emirates,2016,3.6724999,9994362.641,30066955.63,ARE,369255326235.771,44725287978.2165
721,Argentina,2016,14.758175,5118095.612,7200837.601,ARG,557531376217.967,98429812727.8394
722,Australia,2016,1.345214,70895012.7,37282496.549,AUS,1206535157956.03,239729218226.816
723,Brazil,2016,3.4913135,45855047.246,21976152.765,BRA,1795700168991.49,365951078366.225
724,Canada,2016,1.3256152,18336833.947,27312227.873,CAN,1527994741907.43,321612947451.906
725,Switzerland,2016,0.98539442,39945437.599,3198285.713,CHE,687895460902.713,79210899164.712
726,China,2016,6.6444778,,,CHN,11233276536737.2,1838185914067.27
727,Germany,2016,0.90342146,86109029.796,65214030.647,DEU,3469853463945.53,690542613848.64
728,"Egypt, Arab Rep",2016,10.025401,,,EGY,332441717791.411,37987730061.3497
729,Spain,2016,0.90342146,6135761.96,21310945.566,ESP,1233554967011.68,235618717308.561
730,France,2016,0.90342146,22511003.294,24958617.484,FRA,2472964344587.17,586893313265.371
731,United Kingdom,2016,0.74063444,18681446.581,55664076.103,GBR,2699659680997.2,516538209807.73
732,Indonesia,2016,13308.327,21414036.371,32117494.749,IDN,931877364177.742,88787505533.1749
733,India,2016,67.195313,11764125.238,58397760.569,IND,2294797980509.01,236560353038.526
734,"Iran, Islamic Rep",2016,30914.852,,,IRN,457954614142.539,72268419756.3264
735,Italy,2016,0.90342146,16713185.425,26360471.715,ITA,1877071687633.78,357142289357.978
736,Japan,2016,108.7929,145670688.473,129268487.384,JPN,5003677627544.24,983585325457.22
737,"Korea, Rep",2016,1160.7675,,,KOR,1500111596236.37,228617342451.536
738,Mexico,2016,18.664059,10324735.851,32356651.525,MEX,1078490651625.31,129531181948.232
739,Malaysia,2016,4.1483006,49269636.528,37660220.746,MYS,301255454041.415,37852373261.336
740,Netherlands,2016,0.90342146,9809798.27,57447210.217,NLD,784060430240.08,193533154055.253
741,Philippines,2016,47.492462,17395891.173,29836566.657,PHL,318626761492.867,35870897588.0402
742,Russian Federation,2016,67.055931,32260147.552,37339600.736,RUS,1276786979221.81,235770454203.135
743,Saudi Arabia,2016,3.75,23626019.106,18650906.502,SAU,644935682011.475,166568578942.653
744,Singapore,2016,1.3815464,26014248.91,44495953.063,SGP,318832428519.725,32725588128.8455
745,Thailand,2016,35.296383,38532342.814,37182731.174,THA,413366150655.591,69714956766.1291
746,Turkey,2016,3.0201347,2785414.654,16686640.52,TUR,869692960365.551,128133716069.004
747,United States,2016,1.0,135120133.073,385677759.424,USA,18695110842000.0,2663108000000.0
748,Vietnam,2016,21935.0,37171603.826,61094096.781,VNM,257096001564.769,26733810741.4156
749,South Africa,2016,14.709611,22228893.549,12849507.644,ZAF,323585509674.481,62476471785.5977
750,United Arab Emirates,2017,3.6724999,12311158.312,28723965.341,ARE,390516804016.501,50945949625.5956
751,Argentina,2017,16.562706,4754226.912,9067210.848,ARG,643628665302.155,113902282152.065
752,Australia,2017,1.3047581,95009120.929,41438227.66,AUS,1326516328531.56,262936873067.35
753,Brazil,2017,3.1913896,58857155.273,28950538.235,BRA,2063507864886.88,416042489127.029
754,Canada,2017,1.2979358,20423006.604,31375454.689,CAN,1649265644244.09,341452931752.066
755,Switzerland,2017,0.98469168,33019013.515,3206730.094,CHE,695200833086.499,80013385577.5496
756,China,2017,6.7587552,,,CHN,12310409370892.8,2009657368066.82
757,Germany,2017,0.88520551,96940109.119,71134400.096,DEU,3690849152517.65,732280802530.589
758,"Egypt, Arab Rep",2017,17.782534,,,EGY,235733695652.174,23790760869.5652
759,Spain,2017,0.88520551,8028042.999,22918279.284,ESP,1313245330197.65,245096757728.236
760,France,2017,0.88520551,26805210.3,27963501.958,FRA,2595151045197.65,613597627811.766
761,United Kingdom,2017,0.7769767,22328955.902,56713517.329,GBR,2683399006715.79,499367699594.339
762,Indonesia,2017,13380.834,28574305.51,34757384.544,IDN,1015618742565.81,92630230049.5562
763,India,2017,65.121567,16345370.678,68042252.505,IND,2651472946375.05,285489367368.501
764,"Iran, Islamic Rep",2017,33226.297,,,IRN,486630146443.617,78164055517.559
765,Italy,2017,0.88520551,20497942.487,29199961.821,ITA,1961796197354.36,369408004068.236
766,Japan,2017,112.16614,165794005.814,137258933.31,JPN,4930837369151.42,957164068982.6
767,"Korea, Rep",2017,1131.0009,,,KOR,1623901496835.79,250388924657.16
768,Mexico,2017,18.926517,11803239.382,35905386.995,MEX,1158913035796.37,134626250019.813
769,Malaysia,2017,4.3004408,54426139.443,41712282.701,MYS,319112175611.571,38908008557.3435
770,Netherlands,2017,0.88520551,11272042.836,67131666.962,NLD,833869641687.06,202767604045.883
771,Philippines,2017,50.403721,19239177.209,32065932.447,PHL,328480867142.69,37195091830.5601
772,Russian Federation,2017,58.3428,41390293.056,42830599.817,RUS,1574199387070.9,286768890077.267
773,Saudi Arabia,2017,3.75,31761873.271,18375008.211,SAU,688586094412.68,168260836992.269
774,Singapore,2017,1.3809251,34249623.689,45019300.478,SGP,343193352161.634,34982620030.4149
775,Thailand,2017,33.939812,41596082.905,38541726.588,THA,456356961443.497,74378900288.1573
776,Turkey,2017,3.6481326,3783430.252,18121507.516,TUR,858996263095.858,123525856665.113
777,United States,2017,1.0,154441855.874,430328146.524,USA,19477336549000.0,2726560000000.0
778,Vietnam,2017,22370.086,50374616.976,71617248.156,VNM,281353625688.004,28514983359.4521
779,South Africa,2017,13.323801,24388596.208,14808766.628,ZAF,381448814653.456,73375788190.4018
780,United Arab Emirates,2018,3.6724999,16237766.589,29651248.093,ARE,427049432149.345,49902518720.2178
781,Argentina,2018,28.094992,3516448.06,8418070.603,ARG,524819742918.669,82948270261.6124
782,Australia,2018,1.3384122,105810855.895,47330059.327,AUS,1428288504767.07,284167893961.708
783,Brazil,2018,3.6538253,77569499.985,33665139.187,BRA,1916947014067.55,381378291148.941
784,Canada,2018,1.295818,28359370.499,35153242.971,CAN,1725329192783.02,356824339257.404
785,Switzerland,2018,0.97789168,38647609.029,4067598.648,CHE,725568717468.001,81734741022.276
786,China,2018,6.6159573,,,CHN,13894817549374.2,2297620399643.29
787,Germany,2018,0.84677267,106323509.875,77489342.157,DEU,3974443355019.6,790232167371.764
788,"Egypt, Arab Rep",2018,17.76729,,,EGY,249712999437.254,20855374226.224
789,Spain,2018,0.84677267,8750222.741,24955165.377,ESP,1421702715218.04,266063146286.274
790,France,2018,0.84677267,32212626.915,31085267.736,FRA,2790956878746.66,649500180347.451
791,United Kingdom,2018,0.74953157,23870561.399,56542925.41,GBR,2878152147315.82,531440446229.708
792,Indonesia,2018,14236.938,34151845.17,43191405.11,IDN,1042271531011.99,94025730841.8577
793,India,2018,68.389465,18833346.931,76675655.636,IND,2702929718960.46,292543990083.363
794,"Iran, Islamic Rep",2018,40864.328,,,IRN,331682036227.963,52428693962.329
795,Italy,2018,0.84677267,21061508.116,33171610.391,ITA,2091932426266.98,394974959621.961
796,Japan,2018,110.42318,180660538.752,147048752.77,JPN,5037835383110.97,986186058487.334
797,"Korea, Rep",2018,1100.1633,,,KOR,1724845615629.26,276867514766.015
798,Mexico,2018,19.244341,14008909.646,44009918.081,MEX,1222408203104.3,141436635886.99
799,Malaysia,2018,4.03513,63205046.045,45375989.58,MYS,358791603677.728,42945404079.205
800,Netherlands,2018,0.84677267,12332749.097,72834750.636,NLD,914043438179.6072,222741011048.627
801,Philippines,2018,52.66143,20611587.611,35036641.694,PHL,346842094175.24,41769443015.1876
802,Russian Federation,2018,62.668133,59141093.545,47965272.79,RUS,1657329646183.62,293519350355.284
803,Saudi Arabia,2018,3.75,45854380.353,17428036.04,SAU,816578674529.141,196328944359.256
804,Singapore,2018,1.3488417,33727771.702,49042623.656,SGP,376998146500.593,37599866548.0427
805,Thailand,2018,32.310226,44629636.653,42878717.313,THA,506754616189.315,81962321495.9982
806,Turkey,2018,4.8283701,3756859.617,17788595.0,TUR,778471900960.981,114315726451.827
807,United States,2018,1.0,156015756.423,479278747.159,USA,20533057312000.0,2866932000000.0
808,Vietnam,2018,22602.051,63956351.155,83876687.84,VNM,310106472642.968,30222633787.6432
809,South Africa,2018,13.233927,27304126.396,16248380.726,ZAF,404159690890.846,78451299851.6537
810,United Arab Emirates,2019,3.6724999,15336738.558,33412894.763,ARE,417989721734.494,51225237413.2063
811,Argentina,2019,48.147892,7390979.168,6884154.384,ARG,447754609218.678,73625372107.6101
812,Australia,2019,1.4385066,121289663.171,48229553.588,AUS,1392227864397.08,282072664854.813
813,Brazil,2019,3.9444711,79962547.047,35539063.912,BRA,1873274432754.47,374347318925.086
814,Canada,2019,1.3267933,28152088.586,36931958.466,CAN,1742015045482.31,362923883666.842
815,Switzerland,2019,0.99370915,27402267.801,4597730.847,CHE,721369112726.724,81910768534.1249
816,China,2019,6.9083848,,,CHN,14279937500606.5,2394818476696.49
817,Germany,2019,0.89327627,105087088.345,79789085.186,DEU,3888226035921.56,787165218415.685
818,"Egypt, Arab Rep",2019,16.770582,,,EGY,303080865603.645,23217539863.3257
819,Spain,2019,0.89327627,8603821.571,26899372.435,ESP,1394320055129.41,262995907639.215
820,France,2019,0.89327627,32591687.879,33331864.152,FRA,2728870246705.88,627191191490.195
821,United Kingdom,2019,0.78344512,23931236.009,62425024.434,GBR,2857057847953.02,543214827128.757
822,Indonesia,2019,14147.671,34113874.419,45648736.997,IDN,1119099868265.25,98575590610.0774
823,India,2019,70.420341,17985879.105,74825299.13,IND,2831552222519.99,310432240169.542
824,"Iran, Islamic Rep",2019,42000.0,,,IRN,283746685180.338,43414025157.519
825,Italy,2019,0.89327627,21424348.961,33519784.047,ITA,2011302198827.45,374477657223.529
826,Japan,2019,109.00967,171768695.64,143244518.385,JPN,5123318151510.62,1020901211652.27
827,"Korea, Rep",2019,1165.3575,,,KOR,1651422932447.77,282027789755.504
828,Mexico,2019,19.263634,14334537.512,46382164.507,MEX,1269011767478.56,144584198436.429
829,Malaysia,2019,4.1424699,71909977.087,52141790.587,MYS,365175135787.568,42554254677.1273
830,Netherlands,2019,0.89327627,11202229.065,73978795.554,NLD,910194347568.626,224044911545.098
831,Philippines,2019,51.795784,20199393.176,40763851.931,PHL,376823278560.849,46981401007.7699
832,Russian Federation,2019,64.737656,61190631.855,49748486.51,RUS,1693113904262.89,306476751568.252
833,Saudi Arabia,2019,3.75,54195936.612,23876505.592,SAU,803616264791.024,192342084476.383
834,Singapore,2019,1.3641584,35237818.934,54798488.296,SGP,375472731271.075,38585984459.7566
835,Thailand,2019,31.047606,46161650.699,45584838.927,THA,544081056184.697,87999330060.9387
836,Turkey,2019,5.6738195,3496819.906,17323704.712,TUR,759937390496.669,117293889791.674
837,United States,2019,1.0,123792114.896,419322648.638,USA,21380976119000.0,3008779000000.0
838,Vietnam,2019,23050.242,64116674.838,97868882.174,VNM,334365257436.758,32028301898.4569
839,South Africa,2019,14.448427,25948855.607,16542941.878,ZAF,388531954110.604,76444141621.3041
840,United Arab Emirates,2020,3.6724999,17054552.303,32310092.207,ARE,349473015336.939,50499233955.0715
841,Argentina,2020,70.539169,6814456.938,7083804.68,ARG,385540224628.292,65123272712.1941
842,Australia,2020,1.4530851,117693742.899,53468167.172,AUS,1326901059123.21,288495776913.795
843,Brazil,2020,5.155179,85517209.22,34953227.525,BRA,1448559976218.19,296654473890.441
844,Canada,2020,1.3411527,22063322.622,42094313.388,CAN,1645423407568.36,372718938233.278
845,Switzerland,2020,0.93896502,17494678.177,5091730.421,CHE,739913619797.445,89823115008.743
846,China,2020,6.9007673,,,CHN,14687673892882.0,2516018432645.49
847,Germany,2020,0.8755064,105110505.822,86807061.051,DEU,3889668895299.62,854360405101.948
848,"Egypt, Arab Rep",2020,15.759173,,,EGY,365252651278.852,28939488459.1391
849,Spain,2020,0.8755064,10387597.055,27517998.269,ESP,1276962685648.25,281375442655.254
850,France,2020,0.8755064,29712349.181,37335184.945,FRA,2639008701648.26,658037453503.504
851,United Kingdom,2020,0.77999955,19871556.472,72561343.658,GBR,2704609160088.15,609120843387.932
852,Indonesia,2020,14582.203,37480543.305,40980976.642,IDN,1058688935454.78,101086757921.778
853,India,2020,74.099564,20977286.374,66719471.588,IND,2667687951796.5,322437176354.328
854,"Iran, Islamic Rep",2020,42000.0,,,IRN,239735571102.495,34597841653.5999
855,Italy,2020,0.8755064,22249447.13,32914226.693,ITA,1896755301518.14,392435739112.842
856,Japan,2020,106.77458,174655178.945,142596624.652,JPN,5040107754084.11,1060038799513.23
857,"Korea, Rep",2020,1180.2659,,,KOR,1644312831906.17,296623269097.52
858,Mexico,2020,21.485609,16217413.252,44827693.169,MEX,1090515389749.41,136961266057.266
859,Malaysia,2020,4.2034822,75174350.512,56300820.689,MYS,337337932675.152,44103247293.9217
860,Netherlands,2020,0.8755064,12789316.578,79006012.371,NLD,909793466661.481,237050238255.254
861,Philippines,2020,49.624096,19335468.064,41880388.818,PHL,361751116292.541,55208482332.7065
862,Russian Federation,2020,72.104912,57844468.529,50504392.053,RUS,1489362488439.76,298183618589.028
863,Saudi Arabia,2020,3.75,39069814.042,28094807.843,SAU,703367841222.555,202965892015.256
864,Singapore,2020,1.3797417,31616281.621,57624786.426,SGP,345295933898.674,42561208958.4692
865,Thailand,2020,31.293673,48139504.471,50513175.951,THA,499681757030.968,89146665303.2399
866,Turkey,2020,7.0086055,3731026.547,20346420.257,TUR,720289368333.191,109294312088.006
867,United States,2020,1.0,136339520.982,452492876.334,USA,21060473613000.0,3138376000000.0
868,Vietnam,2020,23208.369,78473071.644,113815239.354,VNM,346615750664.384,32855058578.1595
869,South Africa,2020,16.459105,20824537.983,15238825.618,ZAF,337619680138.494,70199549637.9626
