,countryname,year,exchange rate (to $USD)
960,United Arab Emirates,1992,3.671
961,Argentina,1992,0.99064165
962,Australia,1992,1.3616483
963,Brazil,1992,0.0019530235
964,Canada,1992,1.2087229
965,Switzerland,1992,1.4062183
966,China,1992,5.5145917
967,Germany,1992,1.56165
968,"Egypt, Arab Rep",1992,3.3217483
969,Spain,1992,102.37908
970,France,1992,5.2938156
971,United Kingdom,1992,0.56977415
972,Indonesia,1992,2029.9208
973,India,1992,25.918083
974,"Iran, Islamic Rep",1992,65.567841
975,Italy,1992,1232.4059
976,Japan,1992,126.65134
977,"Korea, Rep",1992,780.67084
978,Mexico,1992,3.0948982
979,Malaysia,1992,2.5473833
980,Netherlands,1992,1.7584664
981,Philippines,1992,25.512491
982,Russian Federation,1992,
983,Saudi Arabia,1992,3.75
984,Singapore,1992,1.6289667
985,Thailand,1992,25.400127
986,Turkey,1992,0.0068724235
987,United States,1992,1.0
988,Vietnam,1992,11202.191
989,South Africa,1992,2.8520141
990,United Arab Emirates,1993,3.671
991,Argentina,1993,0.99894583
992,Australia,1993,1.47056
993,Brazil,1993,0.038276613
994,Canada,1993,1.2900879
995,Switzerland,1993,1.4776167
996,China,1993,5.7619581
997,Germany,1993,1.6533208
998,"Egypt, Arab Rep",1993,3.3525176
999,Spain,1993,127.26041
1000,France,1993,5.6632299
1001,United Kingdom,1993,0.66675657
1002,Indonesia,1993,2087.1038
1003,India,1993,30.493292
1004,"Iran, Islamic Rep",1993,1268.0787
1005,Italy,1993,1573.6659
1006,Japan,1993,111.19778
1007,"Korea, Rep",1993,802.53833
1008,Mexico,1993,3.1156166
1009,Malaysia,1993,2.574095
1010,Netherlands,1993,1.8573052
1011,Philippines,1993,27.119843
1012,Russian Federation,1993,0.99166667
1013,Saudi Arabia,1993,3.75
1014,Singapore,1993,1.6157908
1015,Thailand,1993,25.319611
1016,Turkey,1993,0.010984628
1017,United States,1993,1.0
1018,Vietnam,1993,10640.958
1019,South Africa,1993,3.2677417
1020,United Arab Emirates,1994,3.671
1021,Argentina,1994,0.99900836
1022,Australia,1994,1.3677509
1023,Brazil,1994,0.66468352
1024,Canada,1994,1.3656734
1025,Switzerland,1994,1.3676925
1026,China,1994,8.6187429
1027,Germany,1994,1.6227942
1028,"Egypt, Arab Rep",1994,3.3851333
1029,Spain,1994,133.95796
1030,France,1994,5.5520449
1031,United Kingdom,1994,0.65342659
1032,Indonesia,1994,2160.7537
1033,India,1994,31.373743
1034,"Iran, Islamic Rep",1994,1749.1737
1035,Italy,1994,1612.4449
1036,Japan,1994,102.20781
1037,"Korea, Rep",1994,803.77167
1038,Mexico,1994,3.3751166
1039,Malaysia,1994,2.6242566
1040,Netherlands,1994,1.819995
1041,Philippines,1994,26.417166
1042,Russian Federation,1994,
1043,Saudi Arabia,1994,3.75
1044,Singapore,1994,1.5274441
1045,Thailand,1994,25.149952
1046,Turkey,1994,0.029608676
1047,United States,1994,1.0
1048,Vietnam,1994,10965.667
1049,South Africa,1994,3.5507984
1050,United Arab Emirates,1995,3.671
1051,Argentina,1995,0.99975002
1052,Australia,1995,1.3490325
1053,Brazil,1995,0.91766667
1054,Canada,1995,1.3724455
1055,Switzerland,1995,1.1824691
1056,China,1995,8.3514166
1057,Germany,1995,1.4331325
1058,"Egypt, Arab Rep",1995,3.3922083
1059,Spain,1995,124.689
1060,France,1995,4.9914827
1061,United Kingdom,1995,0.63366812
1062,Indonesia,1995,2248.6079
1063,India,1995,32.427078
1064,"Iran, Islamic Rep",1995,1748.3502
1065,Italy,1995,1628.9331
1066,Japan,1995,94.059578
1067,"Korea, Rep",1995,771.25415
1068,Mexico,1995,6.419425
1069,Malaysia,1995,2.5044041
1070,Netherlands,1995,1.6056752
1071,Philippines,1995,25.714466
1072,Russian Federation,1995,
1073,Saudi Arabia,1995,3.75
1074,Singapore,1995,1.417375
1075,Thailand,1995,24.915176
1076,Turkey,1995,0.045845062
1077,United States,1995,1.0
1078,Vietnam,1995,11038.25
1079,South Africa,1995,3.627085
1080,United Arab Emirates,1996,3.671
1081,Argentina,1996,0.99966252
1082,Australia,1996,1.2778634
1083,Brazil,1996,1.0051
1084,Canada,1996,1.3635217
1085,Switzerland,1996,1.23601
1086,China,1996,8.3141747
1087,Germany,1996,1.5047742
1088,"Egypt, Arab Rep",1996,3.3914833
1089,Spain,1996,126.66158
1090,France,1996,5.1155224
1091,United Kingdom,1996,0.64095825
1092,Indonesia,1996,2342.2964
1093,India,1996,35.433174
1094,"Iran, Islamic Rep",1996,1751.1864
1095,Italy,1996,1542.947
1096,Japan,1996,108.77906
1097,"Korea, Rep",1996,804.45752
1098,Mexico,1996,7.5994482
1099,Malaysia,1996,2.5159426
1100,Netherlands,1996,1.6858968
1101,Philippines,1996,26.216101
1102,Russian Federation,1996,5.1208334
1103,Saudi Arabia,1996,3.75
1104,Singapore,1996,1.4100409
1105,Thailand,1996,25.342684
1106,Turkey,1996,0.081404895
1107,United States,1996,1.0
1108,Vietnam,1996,11032.583
1109,South Africa,1996,4.2993493
1110,United Arab Emirates,1997,3.6711249
1111,Argentina,1997,0.99949998
1112,Australia,1997,1.34738
1113,Brazil,1997,1.0779917
1114,Canada,1997,1.384598
1115,Switzerland,1997,1.4513125
1116,China,1997,8.2898169
1117,Germany,1997,1.7340559
1118,"Egypt, Arab Rep",1997,3.3887501
1119,Spain,1997,146.41364
1120,France,1997,5.8366919
1121,United Kingdom,1997,0.61083609
1122,Indonesia,1997,2909.3799
1123,India,1997,36.313286
1124,"Iran, Islamic Rep",1997,1753.3455
1125,Italy,1997,1703.0969
1126,Japan,1997,120.99086
1127,"Korea, Rep",1997,949.89001
1128,Mexico,1997,7.9184599
1129,Malaysia,1997,2.8131917
1130,Netherlands,1997,1.9512699
1131,Philippines,1997,29.470659
1132,Russian Federation,1997,5.7848334
1133,Saudi Arabia,1997,3.75
1134,Singapore,1997,1.4848058
1135,Thailand,1997,31.364334
1136,Turkey,1997,0.15186501
1137,United States,1997,1.0
1138,Vietnam,1997,11683.333
1139,South Africa,1997,4.6079617
1140,United Arab Emirates,1998,3.6724999
1141,Argentina,1998,0.99949998
1142,Australia,1998,1.5918283
1143,Brazil,1998,1.1605166
1144,Canada,1998,1.4835052
1145,Switzerland,1998,1.4498134
1146,China,1998,8.2789583
1147,Germany,1998,1.7596676
1148,"Egypt, Arab Rep",1998,3.388
1149,Spain,1998,149.39532
1150,France,1998,5.8995156
1151,United Kingdom,1998,0.6038236
1152,Indonesia,1998,10013.622
1153,India,1998,41.259365
1154,"Iran, Islamic Rep",1998,1752.286
1155,Italy,1998,1736.2074
1156,Japan,1998,130.9053
1157,"Korea, Rep",1998,1403.1833
1158,Mexico,1998,9.1360416
1159,Malaysia,1998,3.9243751
1160,Netherlands,1998,1.9837331
1161,Philippines,1998,40.893051
1162,Russian Federation,1998,9.7050829
1163,Saudi Arabia,1998,3.75
1164,Singapore,1998,1.6736016
1165,Thailand,1998,41.359386
1166,Turkey,1998,0.26072425
1167,United States,1998,1.0
1168,Vietnam,1998,13268.0
1169,South Africa,1998,5.5282841
1170,United Arab Emirates,1999,3.6724999
1171,Argentina,1999,0.99949998
1172,Australia,1999,1.54995
1173,Brazil,1999,1.8139329
1174,Canada,1999,1.4857048
1175,Switzerland,1999,1.5021549
1176,China,1999,8.2782497
1177,Germany,1999,0.93828309
1178,"Egypt, Arab Rep",1999,3.3952501
1179,Spain,1999,0.93828309
1180,France,1999,0.93828309
1181,United Kingdom,1999,0.61805683
1182,Indonesia,1999,7855.1499
1183,India,1999,43.055428
1184,"Iran, Islamic Rep",1999,1753.355
1185,Italy,1999,0.93828309
1186,Japan,1999,113.90681
1187,"Korea, Rep",1999,1189.4392
1188,Mexico,1999,9.5603971
1189,Malaysia,1999,3.8
1190,Netherlands,1999,0.93828309
1191,Philippines,1999,39.088982
1192,Russian Federation,1999,24.6199
1193,Saudi Arabia,1999,3.75
1194,Singapore,1999,1.6949567
1195,Thailand,1999,37.813656
1196,Turkey,1999,0.41878292
1197,United States,1999,1.0
1198,Vietnam,1999,13943.167
1199,South Africa,1999,6.1094842
1200,United Arab Emirates,2000,3.6724999
1201,Argentina,2000,0.99949998
1202,Australia,2000,1.7248267
1203,Brazil,2000,1.8294231
1204,Canada,2000,1.4853941
1205,Switzerland,2000,1.6888425
1206,China,2000,8.2785044
1207,Germany,2000,1.0827051
1208,"Egypt, Arab Rep",2000,3.47205
1209,Spain,2000,1.0827051
1210,France,2000,1.0827051
1211,United Kingdom,2000,0.66093081
1212,Indonesia,2000,8421.7754
1213,India,2000,44.941605
1214,"Iran, Islamic Rep",2000,1764.8561
1215,Italy,2000,1.0827051
1216,Japan,2000,107.7655
1217,"Korea, Rep",2000,1130.3625
1218,Mexico,2000,9.4555588
1219,Malaysia,2000,3.8
1220,Netherlands,2000,1.0827051
1221,Philippines,2000,44.192249
1222,Russian Federation,2000,28.129168
1223,Saudi Arabia,2000,3.75
1224,Singapore,2000,1.7239634
1225,Thailand,2000,40.111805
1226,Turkey,2000,0.62521851
1227,United States,2000,1.0
1228,Vietnam,2000,14167.75
1229,South Africa,2000,6.9398284
1230,United Arab Emirates,2001,3.6724999
1231,Argentina,2001,0.99949998
1232,Australia,2001,1.9334425
1233,Brazil,2001,2.3496318
1234,Canada,2001,1.5488399
1235,Switzerland,2001,1.687615
1236,China,2001,8.2770681
1237,Germany,2001,1.116533
1238,"Egypt, Arab Rep",2001,3.973
1239,Spain,2001,1.116533
1240,France,2001,1.116533
1241,United Kingdom,2001,0.694655
1242,Indonesia,2001,10260.85
1243,India,2001,47.186413
1244,"Iran, Islamic Rep",2001,1753.9857
1245,Italy,2001,1.116533
1246,Japan,2001,121.52895
1247,"Korea, Rep",2001,1290.79
1248,Mexico,2001,9.3423414
1249,Malaysia,2001,3.8
1250,Netherlands,2001,1.116533
1251,Philippines,2001,50.992649
1252,Russian Federation,2001,29.168526
1253,Saudi Arabia,2001,3.75
1254,Singapore,2001,1.7917225
1255,Thailand,2001,44.4319
1256,Turkey,2001,1.2255881
1257,United States,2001,1.0
1258,Vietnam,2001,14725.167
1259,South Africa,2001,8.6091805
1260,United Arab Emirates,2002,3.6724999
1261,Argentina,2002,3.0632567
1262,Australia,2002,1.8405625
1263,Brazil,2002,2.9203629
1264,Canada,2002,1.5703428
1265,Switzerland,2002,1.5586075
1266,China,2002,8.2769575
1267,Germany,2002,1.057559
1268,"Egypt, Arab Rep",2002,4.4996667
1269,Spain,2002,1.057559
1270,France,2002,1.057559
1271,United Kingdom,2002,0.66722333
1272,Indonesia,2002,9311.1914
1273,India,2002,48.610321
1274,"Iran, Islamic Rep",2002,6907.0347
1275,Italy,2002,1.057559
1276,Japan,2002,125.38802
1277,"Korea, Rep",2002,1251.6025
1278,Mexico,2002,9.6559582
1279,Malaysia,2002,3.8
1280,Netherlands,2002,1.057559
1281,Philippines,2002,51.603565
1282,Russian Federation,2002,31.348484
1283,Saudi Arabia,2002,3.75
1284,Singapore,2002,1.7905884
1285,Thailand,2002,42.960083
1286,Turkey,2002,1.5072265
1287,United States,2002,1.0
1288,Vietnam,2002,15279.5
1289,South Africa,2002,10.540747
1290,United Arab Emirates,2003,3.6724999
1291,Argentina,2003,2.9006293
1292,Australia,2003,1.5419142
1293,Brazil,2003,3.0774751
1294,Canada,2003,1.4010146
1295,Switzerland,2003,1.3466508
1296,China,2003,8.2770367
1297,Germany,2003,0.88404793
1298,"Egypt, Arab Rep",2003,5.8508749
1299,Spain,2003,0.88404793
1300,France,2003,0.88404793
1301,United Kingdom,2003,0.61247247
1302,Indonesia,2003,8577.1338
1303,India,2003,46.583282
1304,"Iran, Islamic Rep",2003,8193.8877
1305,Italy,2003,0.88404793
1306,Japan,2003,115.93346
1307,"Korea, Rep",2003,1191.6459
1308,Mexico,2003,10.78902
1309,Malaysia,2003,3.8
1310,Netherlands,2003,0.88404793
1311,Philippines,2003,54.203335
1312,Russian Federation,2003,30.692024
1313,Saudi Arabia,2003,3.75
1314,Singapore,2003,1.7421833
1315,Thailand,2003,41.484615
1316,Turkey,2003,1.5008852
1317,United States,2003,1.0
1318,Vietnam,2003,15509.583
1319,South Africa,2003,7.5647492
1320,United Arab Emirates,2004,3.6724999
1321,Argentina,2004,2.9233007
1322,Australia,2004,1.3597525
1323,Brazil,2004,2.9251194
1324,Canada,2004,1.3012816
1325,Switzerland,2004,1.2434958
1326,China,2004,8.2768011
1327,Germany,2004,0.80392164
1328,"Egypt, Arab Rep",2004,6.1962419
1329,Spain,2004,0.80392164
1330,France,2004,0.80392164
1331,United Kingdom,2004,0.54618001
1332,Indonesia,2004,8938.8496
1333,India,2004,45.316467
1334,"Iran, Islamic Rep",2004,8613.9893
1335,Italy,2004,0.80392164
1336,Japan,2004,108.19257
1337,"Korea, Rep",2004,1146.2491
1338,Mexico,2004,11.285967
1339,Malaysia,2004,3.8
1340,Netherlands,2004,0.80392164
1341,Philippines,2004,56.039917
1342,Russian Federation,2004,28.813742
1343,Saudi Arabia,2004,3.75
1344,Singapore,2004,1.6902283
1345,Thailand,2004,40.222416
1346,Turkey,2004,1.4255372
1347,United States,2004,1.0
1348,Vietnam,2004,15746.0
1349,South Africa,2004,6.4596925
1350,United Arab Emirates,2005,3.6724999
1351,Argentina,2005,2.9036574
1352,Australia,2005,1.3094733
1353,Brazil,2005,2.4343901
1354,Canada,2005,1.2114052
1355,Switzerland,2005,1.2451767
1356,China,2005,8.1943169
1357,Germany,2005,0.80380017
1358,"Egypt, Arab Rep",2005,5.7788334
1359,Spain,2005,0.80380017
1360,France,2005,0.80380017
1361,United Kingdom,2005,0.54999834
1362,Indonesia,2005,9704.7412
1363,India,2005,44.099976
1364,"Iran, Islamic Rep",2005,8963.959
1365,Italy,2005,0.80380017
1366,Japan,2005,110.21821
1367,"Korea, Rep",2005,1024.3284
1368,Mexico,2005,10.897892
1369,Malaysia,2005,3.7870917
1370,Netherlands,2005,0.80380017
1371,Philippines,2005,55.085491
1372,Russian Federation,2005,28.284441
1373,Saudi Arabia,2005,3.75
1374,Singapore,2005,1.6643975
1375,Thailand,2005,40.220131
1376,Turkey,2005,1.3435831
1377,United States,2005,1.0
1378,Vietnam,2005,15858.917
1379,South Africa,2005,6.3593283
1380,United Arab Emirates,2006,3.6724999
1381,Argentina,2006,3.0543134
1382,Australia,2006,1.3279735
1383,Brazil,2006,2.1753266
1384,Canada,2006,1.1343447
1385,Switzerland,2006,1.2538433
1386,China,2006,7.9734383
1387,Germany,2006,0.79643273
1388,"Egypt, Arab Rep",2006,5.7331667
1389,Spain,2006,0.79643273
1390,France,2006,0.79643273
1391,United Kingdom,2006,0.54348665
1392,Indonesia,2006,9159.3164
1393,India,2006,45.307007
1394,"Iran, Islamic Rep",2006,9170.9434
1395,Italy,2006,0.79643273
1396,Japan,2006,116.29931
1397,"Korea, Rep",2006,955.34082
1398,Mexico,2006,10.899241
1399,Malaysia,2006,3.6681769
1400,Netherlands,2006,0.79643273
1401,Philippines,2006,51.314274
1402,Russian Federation,2006,27.190958
1403,Saudi Arabia,2006,3.75
1404,Singapore,2006,1.5889333
1405,Thailand,2006,37.881985
1406,Turkey,2006,1.4284534
1407,United States,2006,1.0
1408,Vietnam,2006,15994.25
1409,South Africa,2006,6.7715492
1410,United Arab Emirates,2007,3.6724999
1411,Argentina,2007,3.0956488
1412,Australia,2007,1.1950725
1413,Brazil,2007,1.9470583
1414,Canada,2007,1.0740457
1415,Switzerland,2007,1.2003658
1416,China,2007,7.6075325
1417,Germany,2007,0.72967237
1418,"Egypt, Arab Rep",2007,5.6354332
1419,Spain,2007,0.72967237
1420,France,2007,0.72967237
1421,United Kingdom,2007,0.49977165
1422,Indonesia,2007,9141.0
1423,India,2007,41.348534
1424,"Iran, Islamic Rep",2007,9281.1514
1425,Italy,2007,0.72967237
1426,Japan,2007,117.75353
1427,"Korea, Rep",2007,929.37585
1428,Mexico,2007,10.928192
1429,Malaysia,2007,3.4375694
1430,Netherlands,2007,0.72967237
1431,Philippines,2007,46.148392
1432,Russian Federation,2007,25.580845
1433,Saudi Arabia,2007,3.75
1434,Singapore,2007,1.5071017
1435,Thailand,2007,34.518181
1436,Turkey,2007,1.302931
1437,United States,2007,1.0
1438,Vietnam,2007,16105.125
1439,South Africa,2007,7.0453649
1440,United Arab Emirates,2008,3.6724999
1441,Argentina,2008,3.1441646
1442,Australia,2008,1.1921784
1443,Brazil,2008,1.8337667
1444,Canada,2008,1.0670869
1445,Switzerland,2008,1.0830899
1446,China,2008,6.9486551
1447,Germany,2008,0.6799227
1448,"Egypt, Arab Rep",2008,5.4324999
1449,Spain,2008,0.6799227
1450,France,2008,0.6799227
1451,United Kingdom,2008,0.54396623
1452,Indonesia,2008,9698.9629
1453,India,2008,43.505184
1454,"Iran, Islamic Rep",2008,9428.5283
1455,Italy,2008,0.6799227
1456,Japan,2008,103.3595
1457,"Korea, Rep",2008,1100.1259
1458,Mexico,2008,11.129717
1459,Malaysia,2008,3.3358333
1460,Netherlands,2008,0.6799227
1461,Philippines,2008,44.323288
1462,Russian Federation,2008,24.852875
1463,Saudi Arabia,2008,3.75
1464,Singapore,2008,1.4148608
1465,Thailand,2008,33.313301
1466,Turkey,2008,1.3015217
1467,United States,2008,1.0
1468,Vietnam,2008,16302.25
1469,South Africa,2008,8.2612238
1470,United Arab Emirates,2009,3.6724999
1471,Argentina,2009,3.7101068
1472,Australia,2009,1.2821888
1473,Brazil,2009,1.9994282
1474,Canada,2009,1.1415354
1475,Switzerland,2009,1.0881417
1476,China,2009,6.8314161
1477,Germany,2009,0.71695769
1478,"Egypt, Arab Rep",2009,5.5445533
1479,Spain,2009,0.71695769
1480,France,2009,0.71695769
1481,United Kingdom,2009,0.64191926
1482,Indonesia,2009,10389.938
1483,India,2009,48.405266
1484,"Iran, Islamic Rep",2009,9864.3027
1485,Italy,2009,0.71695769
1486,Japan,2009,93.570091
1487,"Korea, Rep",2009,1277.2458
1488,Mexico,2009,13.513475
1489,Malaysia,2009,3.524503
1490,Netherlands,2009,0.71695769
1491,Philippines,2009,47.679688
1492,Russian Federation,2009,31.740358
1493,Saudi Arabia,2009,3.75
1494,Singapore,2009,1.4545147
1495,Thailand,2009,34.285774
1496,Turkey,2009,1.5499598
1497,United States,2009,1.0
1498,Vietnam,2009,17065.084
1499,South Africa,2009,8.4736738
1500,United Arab Emirates,2010,3.6724999
1501,Argentina,2010,3.8962951
1502,Australia,2010,1.0901595
1503,Brazil,2010,1.7592267
1504,Canada,2010,1.0301127
1505,Switzerland,2010,1.0429057
1506,China,2010,6.7702689
1507,Germany,2010,0.754309
1508,"Egypt, Arab Rep",2010,5.621943
1509,Spain,2010,0.754309
1510,France,2010,0.754309
1511,United Kingdom,2010,0.64717937
1512,Indonesia,2010,9090.4336
1513,India,2010,45.725811
1514,"Iran, Islamic Rep",2010,10254.177
1515,Italy,2010,0.754309
1516,Japan,2010,87.779877
1517,"Korea, Rep",2010,1156.46
1518,Mexico,2010,12.636008
1519,Malaysia,2010,3.221087
1520,Netherlands,2010,0.754309
1521,Philippines,2010,45.109665
1522,Russian Federation,2010,30.367916
1523,Saudi Arabia,2010,3.75
1524,Singapore,2010,1.3635083
1525,Thailand,2010,31.685705
1526,Turkey,2010,1.5028486
1527,United States,2010,1.0
1528,Vietnam,2010,18612.916
1529,South Africa,2010,7.3212218
1530,United Arab Emirates,2011,3.6724999
1531,Argentina,2011,4.1101394
1532,Australia,2011,0.96946323
1533,Brazil,2011,1.6728288
1534,Canada,2011,0.98925817
1535,Switzerland,2011,0.88804203
1536,China,2011,6.4614615
1537,Germany,2011,0.71841389
1538,"Egypt, Arab Rep",2011,5.9328275
1539,Spain,2011,0.71841389
1540,France,2011,0.71841389
1541,United Kingdom,2011,0.62414086
1542,Indonesia,2011,8770.4336
1543,India,2011,46.670467
1544,"Iran, Islamic Rep",2011,10616.307
1545,Italy,2011,0.71841389
1546,Japan,2011,79.807022
1547,"Korea, Rep",2011,1108.2333
1548,Mexico,2011,12.423325
1549,Malaysia,2011,3.060003
1550,Netherlands,2011,0.71841389
1551,Philippines,2011,43.313137
1552,Russian Federation,2011,29.382341
1553,Saudi Arabia,2011,3.75
1554,Singapore,2011,1.2577759
1555,Thailand,2011,30.491734
1556,Turkey,2011,1.6749545
1557,United States,2011,1.0
1558,Vietnam,2011,20509.75
1559,South Africa,2011,7.2611322
1560,United Arab Emirates,2012,3.6724999
1561,Argentina,2012,4.5369344
1562,Australia,2012,0.96580106
1563,Brazil,2012,1.9530686
1564,Canada,2012,0.99936473
1565,Switzerland,2012,0.93768448
1566,China,2012,6.3123326
1567,Germany,2012,0.77833813
1568,"Egypt, Arab Rep",2012,6.0560584
1569,Spain,2012,0.77833813
1570,France,2012,0.77833813
1571,United Kingdom,2012,0.63304698
1572,Indonesia,2012,9386.6289
1573,India,2012,53.437233
1574,"Iran, Islamic Rep",2012,12175.547
1575,Italy,2012,0.77833813
1576,Japan,2012,79.790459
1577,"Korea, Rep",2012,1126.8066
1578,Mexico,2012,13.169458
1579,Malaysia,2012,3.0888009
1580,Netherlands,2012,0.77833813
1581,Philippines,2012,42.228794
1582,Russian Federation,2012,30.83983
1583,Saudi Arabia,2012,3.75
1584,Singapore,2012,1.2496762
1585,Thailand,2012,31.083092
1586,Turkey,2012,1.796001
1587,United States,2012,1.0
1588,Vietnam,2012,20828.0
1589,South Africa,2012,8.2099686
1590,United Arab Emirates,2013,3.6724999
1591,Argentina,2013,5.4593525
1592,Australia,2013,1.0358431
1593,Brazil,2013,2.1560891
1594,Canada,2013,1.0301374
1595,Switzerland,2013,0.92690355
1596,China,2013,6.1957583
1597,Germany,2013,0.75294513
1598,"Egypt, Arab Rep",2013,6.8703251
1599,Spain,2013,0.75294513
1600,France,2013,0.75294513
1601,United Kingdom,2013,0.6396606
1602,Indonesia,2013,10461.24
1603,India,2013,58.597847
1604,"Iran, Islamic Rep",2013,18414.447
1605,Italy,2013,0.75294513
1606,Japan,2013,97.595657
1607,"Korea, Rep",2013,1094.9825
1608,Mexico,2013,12.771992
1609,Malaysia,2013,3.1509085
1610,Netherlands,2013,0.75294513
1611,Philippines,2013,42.446186
1612,Russian Federation,2013,31.837143
1613,Saudi Arabia,2013,3.75
1614,Singapore,2013,1.2513
1615,Thailand,2013,30.725967
1616,Turkey,2013,1.9037683
1617,United States,2013,1.0
1618,Vietnam,2013,20933.416
1619,South Africa,2013,9.655056
1620,United Arab Emirates,2014,3.6724999
1621,Argentina,2014,8.0752764
1622,Australia,2014,1.1093633
1623,Brazil,2014,2.352952
1624,Canada,2014,1.1047472
1625,Switzerland,2014,0.91615105
1626,China,2014,6.143434
1627,Germany,2014,0.75272822
1628,"Egypt, Arab Rep",2014,7.0776086
1629,Spain,2014,0.75272822
1630,France,2014,0.75272822
1631,United Kingdom,2014,0.60772961
1632,Indonesia,2014,11865.211
1633,India,2014,61.029514
1634,"Iran, Islamic Rep",2014,25941.664
1635,Italy,2014,0.75272822
1636,Japan,2014,105.94478
1637,"Korea, Rep",2014,1052.84
1638,Mexico,2014,13.29245
1639,Malaysia,2014,3.2728598
1640,Netherlands,2014,0.75272822
1641,Philippines,2014,44.395153
1642,Russian Federation,2014,38.378208
1643,Saudi Arabia,2014,3.75
1644,Singapore,2014,1.26705
1645,Thailand,2014,32.479832
1646,Turkey,2014,2.1885424
1647,United States,2014,1.0
1648,Vietnam,2014,21148.0
1649,South Africa,2014,10.852655
1650,United Arab Emirates,2015,3.6724999
1651,Argentina,2015,9.2331858
1652,Australia,2015,1.3310902
1653,Brazil,2015,3.3269043
1654,Canada,2015,1.2787862
1655,Switzerland,2015,0.9623813
1656,China,2015,6.2274885
1657,Germany,2015,0.90129644
1658,"Egypt, Arab Rep",2015,7.6912584
1659,Spain,2015,0.90129644
1660,France,2015,0.90129644
1661,United Kingdom,2015,0.65454549
1662,Indonesia,2015,13389.413
1663,India,2015,64.151947
1664,"Iran, Islamic Rep",2015,29011.492
1665,Italy,2015,0.90129644
1666,Japan,2015,121.04403
1667,"Korea, Rep",2015,1130.9525
1668,Mexico,2015,15.848267
1669,Malaysia,2015,3.9055002
1670,Netherlands,2015,0.90129644
1671,Philippines,2015,45.502838
1672,Russian Federation,2015,60.937649
1673,Saudi Arabia,2015,3.75
1674,Singapore,2015,1.374825
1675,Thailand,2015,34.247715
1676,Turkey,2015,2.7200086
1677,United States,2015,1.0
1678,Vietnam,2015,21697.568
1679,South Africa,2015,12.758931
1680,United Arab Emirates,2016,3.6724999
1681,Argentina,2016,14.758175
1682,Australia,2016,1.345214
1683,Brazil,2016,3.4913135
1684,Canada,2016,1.3256152
1685,Switzerland,2016,0.98539442
1686,China,2016,6.6444778
1687,Germany,2016,0.90342146
1688,"Egypt, Arab Rep",2016,10.025401
1689,Spain,2016,0.90342146
1690,France,2016,0.90342146
1691,United Kingdom,2016,0.74063444
1692,Indonesia,2016,13308.327
1693,India,2016,67.195313
1694,"Iran, Islamic Rep",2016,30914.852
1695,Italy,2016,0.90342146
1696,Japan,2016,108.7929
1697,"Korea, Rep",2016,1160.7675
1698,Mexico,2016,18.664059
1699,Malaysia,2016,4.1483006
1700,Netherlands,2016,0.90342146
1701,Philippines,2016,47.492462
1702,Russian Federation,2016,67.055931
1703,Saudi Arabia,2016,3.75
1704,Singapore,2016,1.3815464
1705,Thailand,2016,35.296383
1706,Turkey,2016,3.0201347
1707,United States,2016,1.0
1708,Vietnam,2016,21935.0
1709,South Africa,2016,14.709611
1710,United Arab Emirates,2017,3.6724999
1711,Argentina,2017,16.562706
1712,Australia,2017,1.3047581
1713,Brazil,2017,3.1913896
1714,Canada,2017,1.2979358
1715,Switzerland,2017,0.98469168
1716,China,2017,6.7587552
1717,Germany,2017,0.88520551
1718,"Egypt, Arab Rep",2017,17.782534
1719,Spain,2017,0.88520551
1720,France,2017,0.88520551
1721,United Kingdom,2017,0.7769767
1722,Indonesia,2017,13380.834
1723,India,2017,65.121567
1724,"Iran, Islamic Rep",2017,33226.297
1725,Italy,2017,0.88520551
1726,Japan,2017,112.16614
1727,"Korea, Rep",2017,1131.0009
1728,Mexico,2017,18.926517
1729,Malaysia,2017,4.3004408
1730,Netherlands,2017,0.88520551
1731,Philippines,2017,50.403721
1732,Russian Federation,2017,58.3428
1733,Saudi Arabia,2017,3.75
1734,Singapore,2017,1.3809251
1735,Thailand,2017,33.939812
1736,Turkey,2017,3.6481326
1737,United States,2017,1.0
1738,Vietnam,2017,22370.086
1739,South Africa,2017,13.323801
1740,United Arab Emirates,2018,3.6724999
1741,Argentina,2018,28.094992
1742,Australia,2018,1.3384122
1743,Brazil,2018,3.6538253
1744,Canada,2018,1.295818
1745,Switzerland,2018,0.97789168
1746,China,2018,6.6159573
1747,Germany,2018,0.84677267
1748,"Egypt, Arab Rep",2018,17.76729
1749,Spain,2018,0.84677267
1750,France,2018,0.84677267
1751,United Kingdom,2018,0.74953157
1752,Indonesia,2018,14236.938
1753,India,2018,68.389465
1754,"Iran, Islamic Rep",2018,40864.328
1755,Italy,2018,0.84677267
1756,Japan,2018,110.42318
1757,"Korea, Rep",2018,1100.1633
1758,Mexico,2018,19.244341
1759,Malaysia,2018,4.03513
1760,Netherlands,2018,0.84677267
1761,Philippines,2018,52.66143
1762,Russian Federation,2018,62.668133
1763,Saudi Arabia,2018,3.75
1764,Singapore,2018,1.3488417
1765,Thailand,2018,32.310226
1766,Turkey,2018,4.8283701
1767,United States,2018,1.0
1768,Vietnam,2018,22602.051
1769,South Africa,2018,13.233927
1770,United Arab Emirates,2019,3.6724999
1771,Argentina,2019,48.147892
1772,Australia,2019,1.4385066
1773,Brazil,2019,3.9444711
1774,Canada,2019,1.3267933
1775,Switzerland,2019,0.99370915
1776,China,2019,6.9083848
1777,Germany,2019,0.89327627
1778,"Egypt, Arab Rep",2019,16.770582
1779,Spain,2019,0.89327627
1780,France,2019,0.89327627
1781,United Kingdom,2019,0.78344512
1782,Indonesia,2019,14147.671
1783,India,2019,70.420341
1784,"Iran, Islamic Rep",2019,42000.0
1785,Italy,2019,0.89327627
1786,Japan,2019,109.00967
1787,"Korea, Rep",2019,1165.3575
1788,Mexico,2019,19.263634
1789,Malaysia,2019,4.1424699
1790,Netherlands,2019,0.89327627
1791,Philippines,2019,51.795784
1792,Russian Federation,2019,64.737656
1793,Saudi Arabia,2019,3.75
1794,Singapore,2019,1.3641584
1795,Thailand,2019,31.047606
1796,Turkey,2019,5.6738195
1797,United States,2019,1.0
1798,Vietnam,2019,23050.242
1799,South Africa,2019,14.448427
1800,United Arab Emirates,2020,3.6724999
1801,Argentina,2020,70.539169
1802,Australia,2020,1.4530851
1803,Brazil,2020,5.155179
1804,Canada,2020,1.3411527
1805,Switzerland,2020,0.93896502
1806,China,2020,6.9007673
1807,Germany,2020,0.8755064
1808,"Egypt, Arab Rep",2020,15.759173
1809,Spain,2020,0.8755064
1810,France,2020,0.8755064
1811,United Kingdom,2020,0.77999955
1812,Indonesia,2020,14582.203
1813,India,2020,74.099564
1814,"Iran, Islamic Rep",2020,42000.0
1815,Italy,2020,0.8755064
1816,Japan,2020,106.77458
1817,"Korea, Rep",2020,1180.2659
1818,Mexico,2020,21.485609
1819,Malaysia,2020,4.2034822
1820,Netherlands,2020,0.8755064
1821,Philippines,2020,49.624096
1822,Russian Federation,2020,72.104912
1823,Saudi Arabia,2020,3.75
1824,Singapore,2020,1.3797417
1825,Thailand,2020,31.293673
1826,Turkey,2020,7.0086055
1827,United States,2020,1.0
1828,Vietnam,2020,23208.369
1829,South Africa,2020,16.459105
